# Converted from Blockbench for Create Echo Radars
mtllib side_scan_sonar.mtl

o cube
v 1 0.4375 1
v 1 0.4375 0
v 1 0 1
v 1 0 0
v 0 0.4375 0
v 0 0.4375 1
v 0 0 0
v 0 0 1
vt 0.25333333 0.46153846
vt 0.36 0.46153846
vt 0.36 0.43076923
vt 0.25333333 0.43076923
vn 0 0 -1
usemtl texture
f 4/4/1 7/3/1 5/2/1 2/1/1
vt 0.13333333 0.39230769
vt 0.24 0.39230769
vt 0.24 0.36153846
vt 0.13333333 0.36153846
vn 1 0 0
usemtl texture
f 3/8/2 4/7/2 2/6/2 1/5/2
vt 0.25333333 0.46153846
vt 0.36 0.46153846
vt 0.36 0.43076923
vt 0.25333333 0.43076923
vn 0 0 1
usemtl texture
f 8/12/3 3/11/3 1/10/3 6/9/3
vt 0.13333333 0.39230769
vt 0.24 0.39230769
vt 0.24 0.36153846
vt 0.13333333 0.36153846
vn -1 0 0
usemtl texture
f 7/16/4 8/15/4 6/14/4 5/13/4
vt 0.73333333 0.49230769
vt 0.84 0.49230769
vt 0.84 0.43076923
vt 0.73333333 0.43076923
vn 0 1 0
usemtl texture
f 6/20/5 1/19/5 2/18/5 5/17/5
vt 0.25333333 0.46153846
vt 0.36 0.46153846
vt 0.36 0.43076923
vt 0.25333333 0.43076923
vn 0 -1 0
usemtl texture
f 7/24/6 4/23/6 3/22/6 8/21/6

o cube
v 0.875 0.5 0.875
v 0.875 0.5 0.125
v 0.875 0.00625 0.875
v 0.875 0.00625 0.125
v 0.125 0.5 0.125
v 0.125 0.5 0.875
v 0.125 0.00625 0.125
v 0.125 0.00625 0.875
vt 0.49333333 0.46153846
vt 0.6 0.46153846
vt 0.6 0.43076923
vt 0.49333333 0.43076923
vn 0 0 -1
usemtl texture
f 12/28/7 15/27/7 13/26/7 10/25/7
vt 0.49333333 0.46153846
vt 0.6 0.46153846
vt 0.6 0.43076923
vt 0.49333333 0.43076923
vn 1 0 0
usemtl texture
f 11/32/8 12/31/8 10/30/8 9/29/8
vt 0.49333333 0.46153846
vt 0.6 0.46153846
vt 0.6 0.43076923
vt 0.49333333 0.43076923
vn 0 0 1
usemtl texture
f 16/36/9 11/35/9 9/34/9 14/33/9
vt 0.49333333 0.46153846
vt 0.6 0.46153846
vt 0.6 0.43076923
vt 0.49333333 0.43076923
vn -1 0 0
usemtl texture
f 15/40/10 16/39/10 14/38/10 13/37/10
vt 0.61333333 0.49230769
vt 0.72 0.49230769
vt 0.72 0.43076923
vt 0.61333333 0.43076923
vn 0 1 0
usemtl texture
f 14/44/11 9/43/11 10/42/11 13/41/11
vt 0.37333333 0.49230769
vt 0.48 0.49230769
vt 0.48 0.43076923
vt 0.37333333 0.43076923
vn 0 -1 0
usemtl texture
f 15/48/12 12/47/12 11/46/12 16/45/12

o cube
v 0.15088835 0.75 1.02588835
v 0.15088835 0.75 1.02588835
v 0.15088835 0.375 1.02588835
v 0.15088835 0.375 1.02588835
v -0.02588835 0.75 0.84911165
v -0.02588835 0.75 0.84911165
v -0.02588835 0.375 0.84911165
v -0.02588835 0.375 0.84911165
vt 0.04 0.96153846
vt 0.09333333 0.96153846
vt 0.09333333 0.93076923
vt 0.04 0.93076923
vn 0.70710678 0 -0.70710678
usemtl texture
f 20/52/13 23/51/13 21/50/13 18/49/13
vt 0.09333333 0.96153846
vt 0.04 0.96153846
vt 0.04 0.93076923
vt 0.09333333 0.93076923
vn -0.70710678 0 0.70710678
usemtl texture
f 24/56/14 19/55/14 17/54/14 22/53/14

o cube
v 0.125 0.5 0.125
v 0.125 0.5 0.0625
v 0.125 0.44375 0.125
v 0.125 0.44375 0.0625
v 0.0625 0.5 0.0625
v 0.0625 0.5 0.125
v 0.0625 0.44375 0.0625
v 0.0625 0.44375 0.125
vt 0.62 0.47692308
vt 0.62666667 0.47692308
vt 0.62666667 0.47307692
vt 0.62 0.47307692
vn 0 0 -1
usemtl texture
f 28/60/15 31/59/15 29/58/15 26/57/15
vt 0.62 0.47692308
vt 0.62666667 0.47692308
vt 0.62666667 0.47307692
vt 0.62 0.47307692
vn 1 0 0
usemtl texture
f 27/64/16 28/63/16 26/62/16 25/61/16
vt 0.62 0.47692308
vt 0.62666667 0.47692308
vt 0.62666667 0.47307692
vt 0.62 0.47307692
vn 0 0 1
usemtl texture
f 32/68/17 27/67/17 25/66/17 30/65/17
vt 0.62 0.47692308
vt 0.62666667 0.47692308
vt 0.62666667 0.47307692
vt 0.62 0.47307692
vn -1 0 0
usemtl texture
f 31/72/18 32/71/18 30/70/18 29/69/18
vt 0.62 0.47692308
vt 0.62666667 0.47692308
vt 0.62666667 0.47307692
vt 0.62 0.47307692
vn 0 1 0
usemtl texture
f 30/76/19 25/75/19 26/74/19 29/73/19
vt 0.62 0.47692308
vt 0.62666667 0.47692308
vt 0.62666667 0.47307692
vt 0.62 0.47307692
vn 0 -1 0
usemtl texture
f 31/80/20 28/79/20 27/78/20 32/77/20

o cube
v 0.9375 0.5 0.125
v 0.9375 0.5 0.0625
v 0.9375 0.44375 0.125
v 0.9375 0.44375 0.0625
v 0.875 0.5 0.0625
v 0.875 0.5 0.125
v 0.875 0.44375 0.0625
v 0.875 0.44375 0.125
vt 0.62 0.47692308
vt 0.62666667 0.47692308
vt 0.62666667 0.47307692
vt 0.62 0.47307692
vn 0 0 -1
usemtl texture
f 36/84/21 39/83/21 37/82/21 34/81/21
vt 0.62 0.47692308
vt 0.62666667 0.47692308
vt 0.62666667 0.47307692
vt 0.62 0.47307692
vn 1 0 0
usemtl texture
f 35/88/22 36/87/22 34/86/22 33/85/22
vt 0.62 0.47692308
vt 0.62666667 0.47692308
vt 0.62666667 0.47307692
vt 0.62 0.47307692
vn 0 0 1
usemtl texture
f 40/92/23 35/91/23 33/90/23 38/89/23
vt 0.62 0.47692308
vt 0.62666667 0.47692308
vt 0.62666667 0.47307692
vt 0.62 0.47307692
vn -1 0 0
usemtl texture
f 39/96/24 40/95/24 38/94/24 37/93/24
vt 0.62 0.47692308
vt 0.62666667 0.47692308
vt 0.62666667 0.47307692
vt 0.62 0.47307692
vn 0 1 0
usemtl texture
f 38/100/25 33/99/25 34/98/25 37/97/25
vt 0.62 0.47692308
vt 0.62666667 0.47692308
vt 0.62666667 0.47307692
vt 0.62 0.47307692
vn 0 -1 0
usemtl texture
f 39/104/26 36/103/26 35/102/26 40/101/26

o cube
v 0.9375 0.5 0.9375
v 0.9375 0.5 0.875
v 0.9375 0.44375 0.9375
v 0.9375 0.44375 0.875
v 0.875 0.5 0.875
v 0.875 0.5 0.9375
v 0.875 0.44375 0.875
v 0.875 0.44375 0.9375
vt 0.62 0.47692308
vt 0.62666667 0.47692308
vt 0.62666667 0.47307692
vt 0.62 0.47307692
vn 0 0 -1
usemtl texture
f 44/108/27 47/107/27 45/106/27 42/105/27
vt 0.62 0.47692308
vt 0.62666667 0.47692308
vt 0.62666667 0.47307692
vt 0.62 0.47307692
vn 1 0 0
usemtl texture
f 43/112/28 44/111/28 42/110/28 41/109/28
vt 0.62 0.47692308
vt 0.62666667 0.47692308
vt 0.62666667 0.47307692
vt 0.62 0.47307692
vn 0 0 1
usemtl texture
f 48/116/29 43/115/29 41/114/29 46/113/29
vt 0.62 0.47692308
vt 0.62666667 0.47692308
vt 0.62666667 0.47307692
vt 0.62 0.47307692
vn -1 0 0
usemtl texture
f 47/120/30 48/119/30 46/118/30 45/117/30
vt 0.62 0.47692308
vt 0.62666667 0.47692308
vt 0.62666667 0.47307692
vt 0.62 0.47307692
vn 0 1 0
usemtl texture
f 46/124/31 41/123/31 42/122/31 45/121/31
vt 0.62 0.47692308
vt 0.62666667 0.47692308
vt 0.62666667 0.47307692
vt 0.62 0.47307692
vn 0 -1 0
usemtl texture
f 47/128/32 44/127/32 43/126/32 48/125/32

o cube
v 0.125 0.5 0.9375
v 0.125 0.5 0.875
v 0.125 0.44375 0.9375
v 0.125 0.44375 0.875
v 0.0625 0.5 0.875
v 0.0625 0.5 0.9375
v 0.0625 0.44375 0.875
v 0.0625 0.44375 0.9375
vt 0.62 0.47692308
vt 0.62666667 0.47692308
vt 0.62666667 0.47307692
vt 0.62 0.47307692
vn 0 0 -1
usemtl texture
f 52/132/33 55/131/33 53/130/33 50/129/33
vt 0.62 0.47692308
vt 0.62666667 0.47692308
vt 0.62666667 0.47307692
vt 0.62 0.47307692
vn 1 0 0
usemtl texture
f 51/136/34 52/135/34 50/134/34 49/133/34
vt 0.62 0.47692308
vt 0.62666667 0.47692308
vt 0.62666667 0.47307692
vt 0.62 0.47307692
vn 0 0 1
usemtl texture
f 56/140/35 51/139/35 49/138/35 54/137/35
vt 0.62 0.47692308
vt 0.62666667 0.47692308
vt 0.62666667 0.47307692
vt 0.62 0.47307692
vn -1 0 0
usemtl texture
f 55/144/36 56/143/36 54/142/36 53/141/36
vt 0.62 0.47692308
vt 0.62666667 0.47692308
vt 0.62666667 0.47307692
vt 0.62 0.47307692
vn 0 1 0
usemtl texture
f 54/148/37 49/147/37 50/146/37 53/145/37
vt 0.62 0.47692308
vt 0.62666667 0.47692308
vt 0.62666667 0.47307692
vt 0.62 0.47307692
vn 0 -1 0
usemtl texture
f 55/152/38 52/151/38 51/150/38 56/149/38

o cube
v 0.9375 0.5625 0.625
v 0.9375 0.5625 0.375
v 0.9375 0.4375 0.625
v 0.9375 0.4375 0.375
v 0.875 0.5625 0.375
v 0.875 0.5625 0.625
v 0.875 0.4375 0.375
v 0.875 0.4375 0.625
vt 0.9 0.48461538
vt 0.90666667 0.48461538
vt 0.90666667 0.47692308
vt 0.9 0.47692308
vn 0 0 -1
usemtl texture
f 60/156/39 63/155/39 61/154/39 58/153/39
vt 0.85333333 0.49230769
vt 0.88 0.49230769
vt 0.88 0.48461538
vt 0.85333333 0.48461538
vn 1 0 0
usemtl texture
f 59/160/40 60/159/40 58/158/40 57/157/40
vt 0.9 0.47692308
vt 0.90666667 0.47692308
vt 0.90666667 0.46923077
vt 0.9 0.46923077
vn 0 0 1
usemtl texture
f 64/164/41 59/163/41 57/162/41 62/161/41
vt 0.85333333 0.48461538
vt 0.88 0.48461538
vt 0.88 0.47692308
vt 0.85333333 0.47692308
vn -1 0 0
usemtl texture
f 63/168/42 64/167/42 62/166/42 61/165/42
vt 0.87333333 0.45384615
vt 0.86666667 0.45384615
vt 0.86666667 0.46923077
vt 0.87333333 0.46923077
vn 0 1 0
usemtl texture
f 62/172/43 57/171/43 58/170/43 61/169/43
vt 0.9 0.48461538
vt 0.89333333 0.48461538
vt 0.89333333 0.46923077
vt 0.9 0.46923077
vn 0 -1 0
usemtl texture
f 63/176/44 60/175/44 59/174/44 64/173/44

o cube
v 0.875 0.625 0.625
v 0.875 0.625 0.375
v 0.875 0.5 0.625
v 0.875 0.5 0.375
v 0.775 0.625 0.375
v 0.775 0.625 0.625
v 0.775 0.5 0.375
v 0.775 0.5 0.625
vt 0.87333333 0.46923077
vt 0.88666667 0.46923077
vt 0.88666667 0.46153846
vt 0.87333333 0.46153846
vn 0 0 -1
usemtl texture
f 68/180/45 71/179/45 69/178/45 66/177/45
vt 0.85333333 0.47692308
vt 0.88 0.47692308
vt 0.88 0.46923077
vt 0.85333333 0.46923077
vn 1 0 0
usemtl texture
f 67/184/46 68/183/46 66/182/46 65/181/46
vt 0.88666667 0.46923077
vt 0.9 0.46923077
vt 0.9 0.46153846
vt 0.88666667 0.46153846
vn 0 0 1
usemtl texture
f 72/188/47 67/187/47 65/186/47 70/185/47
vt 0.88 0.49230769
vt 0.90666667 0.49230769
vt 0.90666667 0.48461538
vt 0.88 0.48461538
vn -1 0 0
usemtl texture
f 71/192/48 72/191/48 70/190/48 69/189/48
vt 0.89333333 0.46923077
vt 0.88 0.46923077
vt 0.88 0.48461538
vt 0.89333333 0.48461538
vn 0 1 0
usemtl texture
f 70/196/49 65/195/49 66/194/49 69/193/49
vt 0.86666667 0.46923077
vt 0.85333333 0.46923077
vt 0.85333333 0.45384615
vt 0.86666667 0.45384615
vn 0 -1 0
usemtl texture
f 71/200/50 68/199/50 67/198/50 72/197/50

o cube
v 0.125 0.625 0.375
v 0.125 0.625 0.625
v 0.125 0.5 0.375
v 0.125 0.5 0.625
v 0.225 0.625 0.625
v 0.225 0.625 0.375
v 0.225 0.5 0.625
v 0.225 0.5 0.375
vt 0.87333333 0.46923077
vt 0.88666667 0.46923077
vt 0.88666667 0.46153846
vt 0.87333333 0.46153846
vn 0 0 1
usemtl texture
f 76/204/51 79/203/51 77/202/51 74/201/51
vt 0.85333333 0.47692308
vt 0.88 0.47692308
vt 0.88 0.46923077
vt 0.85333333 0.46923077
vn -1 0 0
usemtl texture
f 75/208/52 76/207/52 74/206/52 73/205/52
vt 0.88666667 0.46923077
vt 0.9 0.46923077
vt 0.9 0.46153846
vt 0.88666667 0.46153846
vn 0 0 -1
usemtl texture
f 80/212/53 75/211/53 73/210/53 78/209/53
vt 0.88 0.49230769
vt 0.90666667 0.49230769
vt 0.90666667 0.48461538
vt 0.88 0.48461538
vn 1 0 0
usemtl texture
f 79/216/54 80/215/54 78/214/54 77/213/54
vt 0.89333333 0.46923077
vt 0.88 0.46923077
vt 0.88 0.48461538
vt 0.89333333 0.48461538
vn 0 1 0
usemtl texture
f 78/220/55 73/219/55 74/218/55 77/217/55
vt 0.86666667 0.46923077
vt 0.85333333 0.46923077
vt 0.85333333 0.45384615
vt 0.86666667 0.45384615
vn 0 -1 0
usemtl texture
f 79/224/56 76/223/56 75/222/56 80/221/56

o cube
v 0.0625 0.5625 0.375
v 0.0625 0.5625 0.625
v 0.0625 0.4375 0.375
v 0.0625 0.4375 0.625
v 0.125 0.5625 0.625
v 0.125 0.5625 0.375
v 0.125 0.4375 0.625
v 0.125 0.4375 0.375
vt 0.9 0.48461538
vt 0.90666667 0.48461538
vt 0.90666667 0.47692308
vt 0.9 0.47692308
vn 0 0 1
usemtl texture
f 84/228/57 87/227/57 85/226/57 82/225/57
vt 0.85333333 0.49230769
vt 0.88 0.49230769
vt 0.88 0.48461538
vt 0.85333333 0.48461538
vn -1 0 0
usemtl texture
f 83/232/58 84/231/58 82/230/58 81/229/58
vt 0.9 0.47692308
vt 0.90666667 0.47692308
vt 0.90666667 0.46923077
vt 0.9 0.46923077
vn 0 0 -1
usemtl texture
f 88/236/59 83/235/59 81/234/59 86/233/59
vt 0.85333333 0.48461538
vt 0.88 0.48461538
vt 0.88 0.47692308
vt 0.85333333 0.47692308
vn 1 0 0
usemtl texture
f 87/240/60 88/239/60 86/238/60 85/237/60
vt 0.87333333 0.45384615
vt 0.86666667 0.45384615
vt 0.86666667 0.46923077
vt 0.87333333 0.46923077
vn 0 1 0
usemtl texture
f 86/244/61 81/243/61 82/242/61 85/241/61
vt 0.9 0.48461538
vt 0.89333333 0.48461538
vt 0.89333333 0.46923077
vt 0.9 0.46923077
vn 0 -1 0
usemtl texture
f 87/248/62 84/247/62 83/246/62 88/245/62

o cube
v 0.15088835 0.75 1.02588835
v 0.15088835 0.75 1.02588835
v 0.15088835 0.375 1.02588835
v 0.15088835 0.375 1.02588835
v -0.02588835 0.75 0.84911165
v -0.02588835 0.75 0.84911165
v -0.02588835 0.375 0.84911165
v -0.02588835 0.375 0.84911165
vt 0.04 0.9
vt 0.09333333 0.9
vt 0.09333333 0.86923077
vt 0.04 0.86923077
vn 0.70710678 0 -0.70710678
usemtl texture
f 92/252/63 95/251/63 93/250/63 90/249/63
vt 0.09333333 0.9
vt 0.04 0.9
vt 0.04 0.86923077
vt 0.09333333 0.86923077
vn -0.70710678 0 0.70710678
usemtl texture
f 96/256/64 91/255/64 89/254/64 94/253/64

o cube
v 0.15088835 0.75 1.02588835
v 0.15088835 0.75 1.02588835
v 0.15088835 0.375 1.02588835
v 0.15088835 0.375 1.02588835
v -0.02588835 0.75 0.84911165
v -0.02588835 0.75 0.84911165
v -0.02588835 0.375 0.84911165
v -0.02588835 0.375 0.84911165
vt 0.04 0.83846154
vt 0.09333333 0.83846154
vt 0.09333333 0.80769231
vt 0.04 0.80769231
vn 0.70710678 0 -0.70710678
usemtl texture
f 100/260/65 103/259/65 101/258/65 98/257/65
vt 0.09333333 0.83846154
vt 0.04 0.83846154
vt 0.04 0.80769231
vt 0.09333333 0.80769231
vn -0.70710678 0 0.70710678
usemtl texture
f 104/264/66 99/263/66 97/262/66 102/261/66

o cube
v 0.15088835 0.75 1.02588835
v 0.15088835 0.75 1.02588835
v 0.15088835 0.375 1.02588835
v 0.15088835 0.375 1.02588835
v -0.02588835 0.75 0.84911165
v -0.02588835 0.75 0.84911165
v -0.02588835 0.375 0.84911165
v -0.02588835 0.375 0.84911165
vt 0.04 0.77692308
vt 0.09333333 0.77692308
vt 0.09333333 0.74615385
vt 0.04 0.74615385
vn 0.70710678 0 -0.70710678
usemtl texture
f 108/268/67 111/267/67 109/266/67 106/265/67
vt 0.09333333 0.77692308
vt 0.04 0.77692308
vt 0.04 0.74615385
vt 0.09333333 0.74615385
vn -0.70710678 0 0.70710678
usemtl texture
f 112/272/68 107/271/68 105/270/68 110/269/68

o cube
v 0.15088835 0.75 1.02588835
v 0.15088835 0.75 1.02588835
v 0.15088835 0.375 1.02588835
v 0.15088835 0.375 1.02588835
v -0.02588835 0.75 0.84911165
v -0.02588835 0.75 0.84911165
v -0.02588835 0.375 0.84911165
v -0.02588835 0.375 0.84911165
vt 0.04 0.71538462
vt 0.09333333 0.71538462
vt 0.09333333 0.68461538
vt 0.04 0.68461538
vn 0.70710678 0 -0.70710678
usemtl texture
f 116/276/69 119/275/69 117/274/69 114/273/69
vt 0.09333333 0.71538462
vt 0.04 0.71538462
vt 0.04 0.68461538
vt 0.09333333 0.68461538
vn -0.70710678 0 0.70710678
usemtl texture
f 120/280/70 115/279/70 113/278/70 118/277/70

o cube
v 0.15088835 0.75 1.02588835
v 0.15088835 0.75 1.02588835
v 0.15088835 0.375 1.02588835
v 0.15088835 0.375 1.02588835
v -0.02588835 0.75 0.84911165
v -0.02588835 0.75 0.84911165
v -0.02588835 0.375 0.84911165
v -0.02588835 0.375 0.84911165
vt 0.04 0.65384615
vt 0.09333333 0.65384615
vt 0.09333333 0.62307692
vt 0.04 0.62307692
vn 0.70710678 0 -0.70710678
usemtl texture
f 124/284/71 127/283/71 125/282/71 122/281/71
vt 0.09333333 0.65384615
vt 0.04 0.65384615
vt 0.04 0.62307692
vt 0.09333333 0.62307692
vn -0.70710678 0 0.70710678
usemtl texture
f 128/288/72 123/287/72 121/286/72 126/285/72

o cube
v 0.15088835 0.75 1.02588835
v 0.15088835 0.75 1.02588835
v 0.15088835 0.375 1.02588835
v 0.15088835 0.375 1.02588835
v -0.02588835 0.75 0.84911165
v -0.02588835 0.75 0.84911165
v -0.02588835 0.375 0.84911165
v -0.02588835 0.375 0.84911165
vt 0.04 0.59230769
vt 0.09333333 0.59230769
vt 0.09333333 0.56153846
vt 0.04 0.56153846
vn 0.70710678 0 -0.70710678
usemtl texture
f 132/292/73 135/291/73 133/290/73 130/289/73
vt 0.09333333 0.59230769
vt 0.04 0.59230769
vt 0.04 0.56153846
vt 0.09333333 0.56153846
vn -0.70710678 0 0.70710678
usemtl texture
f 136/296/74 131/295/74 129/294/74 134/293/74

o cube
v 0.15088835 0.75 1.02588835
v 0.15088835 0.75 1.02588835
v 0.15088835 0.375 1.02588835
v 0.15088835 0.375 1.02588835
v -0.02588835 0.75 0.84911165
v -0.02588835 0.75 0.84911165
v -0.02588835 0.375 0.84911165
v -0.02588835 0.375 0.84911165
vt 0.04 0.53076923
vt 0.09333333 0.53076923
vt 0.09333333 0.5
vt 0.04 0.5
vn 0.70710678 0 -0.70710678
usemtl texture
f 140/300/75 143/299/75 141/298/75 138/297/75
vt 0.09333333 0.53076923
vt 0.04 0.53076923
vt 0.04 0.5
vt 0.09333333 0.5
vn -0.70710678 0 0.70710678
usemtl texture
f 144/304/76 139/303/76 137/302/76 142/301/76

o cube
v 0.15088835 0.75 1.02588835
v 0.15088835 0.75 1.02588835
v 0.15088835 0.375 1.02588835
v 0.15088835 0.375 1.02588835
v -0.02588835 0.75 0.84911165
v -0.02588835 0.75 0.84911165
v -0.02588835 0.375 0.84911165
v -0.02588835 0.375 0.84911165
vt 0.04 0.46923077
vt 0.09333333 0.46923077
vt 0.09333333 0.43846154
vt 0.04 0.43846154
vn 0.70710678 0 -0.70710678
usemtl texture
f 148/308/77 151/307/77 149/306/77 146/305/77
vt 0.09333333 0.46923077
vt 0.04 0.46923077
vt 0.04 0.43846154
vt 0.09333333 0.43846154
vn -0.70710678 0 0.70710678
usemtl texture
f 152/312/78 147/311/78 145/310/78 150/309/78

o cube
v 0.15088835 0.75 1.02588835
v 0.15088835 0.75 1.02588835
v 0.15088835 0.375 1.02588835
v 0.15088835 0.375 1.02588835
v -0.02588835 0.75 0.84911165
v -0.02588835 0.75 0.84911165
v -0.02588835 0.375 0.84911165
v -0.02588835 0.375 0.84911165
vt 0.04 0.40769231
vt 0.09333333 0.40769231
vt 0.09333333 0.37692308
vt 0.04 0.37692308
vn 0.70710678 0 -0.70710678
usemtl texture
f 156/316/79 159/315/79 157/314/79 154/313/79
vt 0.09333333 0.40769231
vt 0.04 0.40769231
vt 0.04 0.37692308
vt 0.09333333 0.37692308
vn -0.70710678 0 0.70710678
usemtl texture
f 160/320/80 155/319/80 153/318/80 158/317/80

o cube
v 0.15088835 0.75 1.02588835
v 0.15088835 0.75 1.02588835
v 0.15088835 0.375 1.02588835
v 0.15088835 0.375 1.02588835
v -0.02588835 0.75 0.84911165
v -0.02588835 0.75 0.84911165
v -0.02588835 0.375 0.84911165
v -0.02588835 0.375 0.84911165
vt 0.04 0.34615385
vt 0.09333333 0.34615385
vt 0.09333333 0.31538462
vt 0.04 0.31538462
vn 0.70710678 0 -0.70710678
usemtl texture
f 164/324/81 167/323/81 165/322/81 162/321/81
vt 0.09333333 0.34615385
vt 0.04 0.34615385
vt 0.04 0.31538462
vt 0.09333333 0.31538462
vn -0.70710678 0 0.70710678
usemtl texture
f 168/328/82 163/327/82 161/326/82 166/325/82

o cube
v 0.15088835 0.75 1.02588835
v 0.15088835 0.75 1.02588835
v 0.15088835 0.375 1.02588835
v 0.15088835 0.375 1.02588835
v -0.02588835 0.75 0.84911165
v -0.02588835 0.75 0.84911165
v -0.02588835 0.375 0.84911165
v -0.02588835 0.375 0.84911165
vt 0.04 0.28461538
vt 0.09333333 0.28461538
vt 0.09333333 0.25384615
vt 0.04 0.25384615
vn 0.70710678 0 -0.70710678
usemtl texture
f 172/332/83 175/331/83 173/330/83 170/329/83
vt 0.09333333 0.28461538
vt 0.04 0.28461538
vt 0.04 0.25384615
vt 0.09333333 0.25384615
vn -0.70710678 0 0.70710678
usemtl texture
f 176/336/84 171/335/84 169/334/84 174/333/84

o cube
v 0.15088835 0.75 1.02588835
v 0.15088835 0.75 1.02588835
v 0.15088835 0.375 1.02588835
v 0.15088835 0.375 1.02588835
v -0.02588835 0.75 0.84911165
v -0.02588835 0.75 0.84911165
v -0.02588835 0.375 0.84911165
v -0.02588835 0.375 0.84911165
vt 0.04 0.22307692
vt 0.09333333 0.22307692
vt 0.09333333 0.19230769
vt 0.04 0.19230769
vn 0.70710678 0 -0.70710678
usemtl texture
f 180/340/85 183/339/85 181/338/85 178/337/85
vt 0.09333333 0.22307692
vt 0.04 0.22307692
vt 0.04 0.19230769
vt 0.09333333 0.19230769
vn -0.70710678 0 0.70710678
usemtl texture
f 184/344/86 179/343/86 177/342/86 182/341/86

o cube
v 0.15088835 0.75 1.02588835
v 0.15088835 0.75 1.02588835
v 0.15088835 0.375 1.02588835
v 0.15088835 0.375 1.02588835
v -0.02588835 0.75 0.84911165
v -0.02588835 0.75 0.84911165
v -0.02588835 0.375 0.84911165
v -0.02588835 0.375 0.84911165
vt 0.04 0.16153846
vt 0.09333333 0.16153846
vt 0.09333333 0.13076923
vt 0.04 0.13076923
vn 0.70710678 0 -0.70710678
usemtl texture
f 188/348/87 191/347/87 189/346/87 186/345/87
vt 0.09333333 0.16153846
vt 0.04 0.16153846
vt 0.04 0.13076923
vt 0.09333333 0.13076923
vn -0.70710678 0 0.70710678
usemtl texture
f 192/352/88 187/351/88 185/350/88 190/349/88

o cube
v 0.15088835 0.75 1.02588835
v 0.15088835 0.75 1.02588835
v 0.15088835 0.375 1.02588835
v 0.15088835 0.375 1.02588835
v -0.02588835 0.75 0.84911165
v -0.02588835 0.75 0.84911165
v -0.02588835 0.375 0.84911165
v -0.02588835 0.375 0.84911165
vt 0.04 0.1
vt 0.09333333 0.1
vt 0.09333333 0.06923077
vt 0.04 0.06923077
vn 0.70710678 0 -0.70710678
usemtl texture
f 196/356/89 199/355/89 197/354/89 194/353/89
vt 0.09333333 0.1
vt 0.04 0.1
vt 0.04 0.06923077
vt 0.09333333 0.06923077
vn -0.70710678 0 0.70710678
usemtl texture
f 200/360/90 195/359/90 193/358/90 198/357/90

o cube
v 0.15088835 0.75 1.02588835
v 0.15088835 0.75 1.02588835
v 0.15088835 0.375 1.02588835
v 0.15088835 0.375 1.02588835
v -0.02588835 0.75 0.84911165
v -0.02588835 0.75 0.84911165
v -0.02588835 0.375 0.84911165
v -0.02588835 0.375 0.84911165
vt 0.04 0.03846154
vt 0.09333333 0.03846154
vt 0.09333333 0.00769231
vt 0.04 0.00769231
vn 0.70710678 0 -0.70710678
usemtl texture
f 204/364/91 207/363/91 205/362/91 202/361/91
vt 0.09333333 0.03846154
vt 0.04 0.03846154
vt 0.04 0.00769231
vt 0.09333333 0.00769231
vn -0.70710678 0 0.70710678
usemtl texture
f 208/368/92 203/367/92 201/366/92 206/365/92

o cube
v 1.02588835 0.75 0.84911165
v 1.02588835 0.75 0.84911165
v 1.02588835 0.375 0.84911165
v 1.02588835 0.375 0.84911165
v 0.84911165 0.75 1.02588835
v 0.84911165 0.75 1.02588835
v 0.84911165 0.375 1.02588835
v 0.84911165 0.375 1.02588835
vt 0.04 0.96153846
vt 0.09333333 0.96153846
vt 0.09333333 0.93076923
vt 0.04 0.93076923
vn -0.70710678 0 -0.70710678
usemtl texture
f 212/372/93 215/371/93 213/370/93 210/369/93
vt 0.09333333 0.96153846
vt 0.04 0.96153846
vt 0.04 0.93076923
vt 0.09333333 0.93076923
vn 0.70710678 0 0.70710678
usemtl texture
f 216/376/94 211/375/94 209/374/94 214/373/94

o cube
v 1.02588835 0.75 0.84911165
v 1.02588835 0.75 0.84911165
v 1.02588835 0.375 0.84911165
v 1.02588835 0.375 0.84911165
v 0.84911165 0.75 1.02588835
v 0.84911165 0.75 1.02588835
v 0.84911165 0.375 1.02588835
v 0.84911165 0.375 1.02588835
vt 0.04 0.9
vt 0.09333333 0.9
vt 0.09333333 0.86923077
vt 0.04 0.86923077
vn -0.70710678 0 -0.70710678
usemtl texture
f 220/380/95 223/379/95 221/378/95 218/377/95
vt 0.09333333 0.9
vt 0.04 0.9
vt 0.04 0.86923077
vt 0.09333333 0.86923077
vn 0.70710678 0 0.70710678
usemtl texture
f 224/384/96 219/383/96 217/382/96 222/381/96

o cube
v 1.02588835 0.75 0.84911165
v 1.02588835 0.75 0.84911165
v 1.02588835 0.375 0.84911165
v 1.02588835 0.375 0.84911165
v 0.84911165 0.75 1.02588835
v 0.84911165 0.75 1.02588835
v 0.84911165 0.375 1.02588835
v 0.84911165 0.375 1.02588835
vt 0.04 0.83846154
vt 0.09333333 0.83846154
vt 0.09333333 0.80769231
vt 0.04 0.80769231
vn -0.70710678 0 -0.70710678
usemtl texture
f 228/388/97 231/387/97 229/386/97 226/385/97
vt 0.09333333 0.83846154
vt 0.04 0.83846154
vt 0.04 0.80769231
vt 0.09333333 0.80769231
vn 0.70710678 0 0.70710678
usemtl texture
f 232/392/98 227/391/98 225/390/98 230/389/98

o cube
v 1.02588835 0.75 0.84911165
v 1.02588835 0.75 0.84911165
v 1.02588835 0.375 0.84911165
v 1.02588835 0.375 0.84911165
v 0.84911165 0.75 1.02588835
v 0.84911165 0.75 1.02588835
v 0.84911165 0.375 1.02588835
v 0.84911165 0.375 1.02588835
vt 0.04 0.77692308
vt 0.09333333 0.77692308
vt 0.09333333 0.74615385
vt 0.04 0.74615385
vn -0.70710678 0 -0.70710678
usemtl texture
f 236/396/99 239/395/99 237/394/99 234/393/99
vt 0.09333333 0.77692308
vt 0.04 0.77692308
vt 0.04 0.74615385
vt 0.09333333 0.74615385
vn 0.70710678 0 0.70710678
usemtl texture
f 240/400/100 235/399/100 233/398/100 238/397/100

o cube
v 1.02588835 0.75 0.84911165
v 1.02588835 0.75 0.84911165
v 1.02588835 0.375 0.84911165
v 1.02588835 0.375 0.84911165
v 0.84911165 0.75 1.02588835
v 0.84911165 0.75 1.02588835
v 0.84911165 0.375 1.02588835
v 0.84911165 0.375 1.02588835
vt 0.04 0.71538462
vt 0.09333333 0.71538462
vt 0.09333333 0.68461538
vt 0.04 0.68461538
vn -0.70710678 0 -0.70710678
usemtl texture
f 244/404/101 247/403/101 245/402/101 242/401/101
vt 0.09333333 0.71538462
vt 0.04 0.71538462
vt 0.04 0.68461538
vt 0.09333333 0.68461538
vn 0.70710678 0 0.70710678
usemtl texture
f 248/408/102 243/407/102 241/406/102 246/405/102

o cube
v 1.02588835 0.75 0.84911165
v 1.02588835 0.75 0.84911165
v 1.02588835 0.375 0.84911165
v 1.02588835 0.375 0.84911165
v 0.84911165 0.75 1.02588835
v 0.84911165 0.75 1.02588835
v 0.84911165 0.375 1.02588835
v 0.84911165 0.375 1.02588835
vt 0.04 0.65384615
vt 0.09333333 0.65384615
vt 0.09333333 0.62307692
vt 0.04 0.62307692
vn -0.70710678 0 -0.70710678
usemtl texture
f 252/412/103 255/411/103 253/410/103 250/409/103
vt 0.09333333 0.65384615
vt 0.04 0.65384615
vt 0.04 0.62307692
vt 0.09333333 0.62307692
vn 0.70710678 0 0.70710678
usemtl texture
f 256/416/104 251/415/104 249/414/104 254/413/104

o cube
v 1.02588835 0.75 0.84911165
v 1.02588835 0.75 0.84911165
v 1.02588835 0.375 0.84911165
v 1.02588835 0.375 0.84911165
v 0.84911165 0.75 1.02588835
v 0.84911165 0.75 1.02588835
v 0.84911165 0.375 1.02588835
v 0.84911165 0.375 1.02588835
vt 0.04 0.59230769
vt 0.09333333 0.59230769
vt 0.09333333 0.56153846
vt 0.04 0.56153846
vn -0.70710678 0 -0.70710678
usemtl texture
f 260/420/105 263/419/105 261/418/105 258/417/105
vt 0.09333333 0.59230769
vt 0.04 0.59230769
vt 0.04 0.56153846
vt 0.09333333 0.56153846
vn 0.70710678 0 0.70710678
usemtl texture
f 264/424/106 259/423/106 257/422/106 262/421/106

o cube
v 1.02588835 0.75 0.84911165
v 1.02588835 0.75 0.84911165
v 1.02588835 0.375 0.84911165
v 1.02588835 0.375 0.84911165
v 0.84911165 0.75 1.02588835
v 0.84911165 0.75 1.02588835
v 0.84911165 0.375 1.02588835
v 0.84911165 0.375 1.02588835
vt 0.04 0.53076923
vt 0.09333333 0.53076923
vt 0.09333333 0.5
vt 0.04 0.5
vn -0.70710678 0 -0.70710678
usemtl texture
f 268/428/107 271/427/107 269/426/107 266/425/107
vt 0.09333333 0.53076923
vt 0.04 0.53076923
vt 0.04 0.5
vt 0.09333333 0.5
vn 0.70710678 0 0.70710678
usemtl texture
f 272/432/108 267/431/108 265/430/108 270/429/108

o cube
v 1.02588835 0.75 0.84911165
v 1.02588835 0.75 0.84911165
v 1.02588835 0.375 0.84911165
v 1.02588835 0.375 0.84911165
v 0.84911165 0.75 1.02588835
v 0.84911165 0.75 1.02588835
v 0.84911165 0.375 1.02588835
v 0.84911165 0.375 1.02588835
vt 0.04 0.46923077
vt 0.09333333 0.46923077
vt 0.09333333 0.43846154
vt 0.04 0.43846154
vn -0.70710678 0 -0.70710678
usemtl texture
f 276/436/109 279/435/109 277/434/109 274/433/109
vt 0.09333333 0.46923077
vt 0.04 0.46923077
vt 0.04 0.43846154
vt 0.09333333 0.43846154
vn 0.70710678 0 0.70710678
usemtl texture
f 280/440/110 275/439/110 273/438/110 278/437/110

o cube
v 1.02588835 0.75 0.84911165
v 1.02588835 0.75 0.84911165
v 1.02588835 0.375 0.84911165
v 1.02588835 0.375 0.84911165
v 0.84911165 0.75 1.02588835
v 0.84911165 0.75 1.02588835
v 0.84911165 0.375 1.02588835
v 0.84911165 0.375 1.02588835
vt 0.04 0.40769231
vt 0.09333333 0.40769231
vt 0.09333333 0.37692308
vt 0.04 0.37692308
vn -0.70710678 0 -0.70710678
usemtl texture
f 284/444/111 287/443/111 285/442/111 282/441/111
vt 0.09333333 0.40769231
vt 0.04 0.40769231
vt 0.04 0.37692308
vt 0.09333333 0.37692308
vn 0.70710678 0 0.70710678
usemtl texture
f 288/448/112 283/447/112 281/446/112 286/445/112

o cube
v 1.02588835 0.75 0.84911165
v 1.02588835 0.75 0.84911165
v 1.02588835 0.375 0.84911165
v 1.02588835 0.375 0.84911165
v 0.84911165 0.75 1.02588835
v 0.84911165 0.75 1.02588835
v 0.84911165 0.375 1.02588835
v 0.84911165 0.375 1.02588835
vt 0.04 0.34615385
vt 0.09333333 0.34615385
vt 0.09333333 0.31538462
vt 0.04 0.31538462
vn -0.70710678 0 -0.70710678
usemtl texture
f 292/452/113 295/451/113 293/450/113 290/449/113
vt 0.09333333 0.34615385
vt 0.04 0.34615385
vt 0.04 0.31538462
vt 0.09333333 0.31538462
vn 0.70710678 0 0.70710678
usemtl texture
f 296/456/114 291/455/114 289/454/114 294/453/114

o cube
v 1.02588835 0.75 0.84911165
v 1.02588835 0.75 0.84911165
v 1.02588835 0.375 0.84911165
v 1.02588835 0.375 0.84911165
v 0.84911165 0.75 1.02588835
v 0.84911165 0.75 1.02588835
v 0.84911165 0.375 1.02588835
v 0.84911165 0.375 1.02588835
vt 0.04 0.28461538
vt 0.09333333 0.28461538
vt 0.09333333 0.25384615
vt 0.04 0.25384615
vn -0.70710678 0 -0.70710678
usemtl texture
f 300/460/115 303/459/115 301/458/115 298/457/115
vt 0.09333333 0.28461538
vt 0.04 0.28461538
vt 0.04 0.25384615
vt 0.09333333 0.25384615
vn 0.70710678 0 0.70710678
usemtl texture
f 304/464/116 299/463/116 297/462/116 302/461/116

o cube
v 1.02588835 0.75 0.84911165
v 1.02588835 0.75 0.84911165
v 1.02588835 0.375 0.84911165
v 1.02588835 0.375 0.84911165
v 0.84911165 0.75 1.02588835
v 0.84911165 0.75 1.02588835
v 0.84911165 0.375 1.02588835
v 0.84911165 0.375 1.02588835
vt 0.04 0.22307692
vt 0.09333333 0.22307692
vt 0.09333333 0.19230769
vt 0.04 0.19230769
vn -0.70710678 0 -0.70710678
usemtl texture
f 308/468/117 311/467/117 309/466/117 306/465/117
vt 0.09333333 0.22307692
vt 0.04 0.22307692
vt 0.04 0.19230769
vt 0.09333333 0.19230769
vn 0.70710678 0 0.70710678
usemtl texture
f 312/472/118 307/471/118 305/470/118 310/469/118

o cube
v 1.02588835 0.75 0.84911165
v 1.02588835 0.75 0.84911165
v 1.02588835 0.375 0.84911165
v 1.02588835 0.375 0.84911165
v 0.84911165 0.75 1.02588835
v 0.84911165 0.75 1.02588835
v 0.84911165 0.375 1.02588835
v 0.84911165 0.375 1.02588835
vt 0.04 0.16153846
vt 0.09333333 0.16153846
vt 0.09333333 0.13076923
vt 0.04 0.13076923
vn -0.70710678 0 -0.70710678
usemtl texture
f 316/476/119 319/475/119 317/474/119 314/473/119
vt 0.09333333 0.16153846
vt 0.04 0.16153846
vt 0.04 0.13076923
vt 0.09333333 0.13076923
vn 0.70710678 0 0.70710678
usemtl texture
f 320/480/120 315/479/120 313/478/120 318/477/120

o cube
v 1.02588835 0.75 0.84911165
v 1.02588835 0.75 0.84911165
v 1.02588835 0.375 0.84911165
v 1.02588835 0.375 0.84911165
v 0.84911165 0.75 1.02588835
v 0.84911165 0.75 1.02588835
v 0.84911165 0.375 1.02588835
v 0.84911165 0.375 1.02588835
vt 0.04 0.1
vt 0.09333333 0.1
vt 0.09333333 0.06923077
vt 0.04 0.06923077
vn -0.70710678 0 -0.70710678
usemtl texture
f 324/484/121 327/483/121 325/482/121 322/481/121
vt 0.09333333 0.1
vt 0.04 0.1
vt 0.04 0.06923077
vt 0.09333333 0.06923077
vn 0.70710678 0 0.70710678
usemtl texture
f 328/488/122 323/487/122 321/486/122 326/485/122

o cube
v 1.02588835 0.75 0.84911165
v 1.02588835 0.75 0.84911165
v 1.02588835 0.375 0.84911165
v 1.02588835 0.375 0.84911165
v 0.84911165 0.75 1.02588835
v 0.84911165 0.75 1.02588835
v 0.84911165 0.375 1.02588835
v 0.84911165 0.375 1.02588835
vt 0.04 0.03846154
vt 0.09333333 0.03846154
vt 0.09333333 0.00769231
vt 0.04 0.00769231
vn -0.70710678 0 -0.70710678
usemtl texture
f 332/492/123 335/491/123 333/490/123 330/489/123
vt 0.09333333 0.03846154
vt 0.04 0.03846154
vt 0.04 0.00769231
vt 0.09333333 0.00769231
vn 0.70710678 0 0.70710678
usemtl texture
f 336/496/124 331/495/124 329/494/124 334/493/124

o cube
v 0.84911165 0.75 -0.02588835
v 0.84911165 0.75 -0.02588835
v 0.84911165 0.375 -0.02588835
v 0.84911165 0.375 -0.02588835
v 1.02588835 0.75 0.15088835
v 1.02588835 0.75 0.15088835
v 1.02588835 0.375 0.15088835
v 1.02588835 0.375 0.15088835
vt 0.04 0.96153846
vt 0.09333333 0.96153846
vt 0.09333333 0.93076923
vt 0.04 0.93076923
vn -0.70710678 0 0.70710678
usemtl texture
f 340/500/125 343/499/125 341/498/125 338/497/125
vt 0.09333333 0.96153846
vt 0.04 0.96153846
vt 0.04 0.93076923
vt 0.09333333 0.93076923
vn 0.70710678 0 -0.70710678
usemtl texture
f 344/504/126 339/503/126 337/502/126 342/501/126

o cube
v 0.84911165 0.75 -0.02588835
v 0.84911165 0.75 -0.02588835
v 0.84911165 0.375 -0.02588835
v 0.84911165 0.375 -0.02588835
v 1.02588835 0.75 0.15088835
v 1.02588835 0.75 0.15088835
v 1.02588835 0.375 0.15088835
v 1.02588835 0.375 0.15088835
vt 0.04 0.9
vt 0.09333333 0.9
vt 0.09333333 0.86923077
vt 0.04 0.86923077
vn -0.70710678 0 0.70710678
usemtl texture
f 348/508/127 351/507/127 349/506/127 346/505/127
vt 0.09333333 0.9
vt 0.04 0.9
vt 0.04 0.86923077
vt 0.09333333 0.86923077
vn 0.70710678 0 -0.70710678
usemtl texture
f 352/512/128 347/511/128 345/510/128 350/509/128

o cube
v 0.84911165 0.75 -0.02588835
v 0.84911165 0.75 -0.02588835
v 0.84911165 0.375 -0.02588835
v 0.84911165 0.375 -0.02588835
v 1.02588835 0.75 0.15088835
v 1.02588835 0.75 0.15088835
v 1.02588835 0.375 0.15088835
v 1.02588835 0.375 0.15088835
vt 0.04 0.83846154
vt 0.09333333 0.83846154
vt 0.09333333 0.80769231
vt 0.04 0.80769231
vn -0.70710678 0 0.70710678
usemtl texture
f 356/516/129 359/515/129 357/514/129 354/513/129
vt 0.09333333 0.83846154
vt 0.04 0.83846154
vt 0.04 0.80769231
vt 0.09333333 0.80769231
vn 0.70710678 0 -0.70710678
usemtl texture
f 360/520/130 355/519/130 353/518/130 358/517/130

o cube
v 0.84911165 0.75 -0.02588835
v 0.84911165 0.75 -0.02588835
v 0.84911165 0.375 -0.02588835
v 0.84911165 0.375 -0.02588835
v 1.02588835 0.75 0.15088835
v 1.02588835 0.75 0.15088835
v 1.02588835 0.375 0.15088835
v 1.02588835 0.375 0.15088835
vt 0.04 0.77692308
vt 0.09333333 0.77692308
vt 0.09333333 0.74615385
vt 0.04 0.74615385
vn -0.70710678 0 0.70710678
usemtl texture
f 364/524/131 367/523/131 365/522/131 362/521/131
vt 0.09333333 0.77692308
vt 0.04 0.77692308
vt 0.04 0.74615385
vt 0.09333333 0.74615385
vn 0.70710678 0 -0.70710678
usemtl texture
f 368/528/132 363/527/132 361/526/132 366/525/132

o cube
v 0.84911165 0.75 -0.02588835
v 0.84911165 0.75 -0.02588835
v 0.84911165 0.375 -0.02588835
v 0.84911165 0.375 -0.02588835
v 1.02588835 0.75 0.15088835
v 1.02588835 0.75 0.15088835
v 1.02588835 0.375 0.15088835
v 1.02588835 0.375 0.15088835
vt 0.04 0.71538462
vt 0.09333333 0.71538462
vt 0.09333333 0.68461538
vt 0.04 0.68461538
vn -0.70710678 0 0.70710678
usemtl texture
f 372/532/133 375/531/133 373/530/133 370/529/133
vt 0.09333333 0.71538462
vt 0.04 0.71538462
vt 0.04 0.68461538
vt 0.09333333 0.68461538
vn 0.70710678 0 -0.70710678
usemtl texture
f 376/536/134 371/535/134 369/534/134 374/533/134

o cube
v 0.84911165 0.75 -0.02588835
v 0.84911165 0.75 -0.02588835
v 0.84911165 0.375 -0.02588835
v 0.84911165 0.375 -0.02588835
v 1.02588835 0.75 0.15088835
v 1.02588835 0.75 0.15088835
v 1.02588835 0.375 0.15088835
v 1.02588835 0.375 0.15088835
vt 0.04 0.65384615
vt 0.09333333 0.65384615
vt 0.09333333 0.62307692
vt 0.04 0.62307692
vn -0.70710678 0 0.70710678
usemtl texture
f 380/540/135 383/539/135 381/538/135 378/537/135
vt 0.09333333 0.65384615
vt 0.04 0.65384615
vt 0.04 0.62307692
vt 0.09333333 0.62307692
vn 0.70710678 0 -0.70710678
usemtl texture
f 384/544/136 379/543/136 377/542/136 382/541/136

o cube
v 0.84911165 0.75 -0.02588835
v 0.84911165 0.75 -0.02588835
v 0.84911165 0.375 -0.02588835
v 0.84911165 0.375 -0.02588835
v 1.02588835 0.75 0.15088835
v 1.02588835 0.75 0.15088835
v 1.02588835 0.375 0.15088835
v 1.02588835 0.375 0.15088835
vt 0.04 0.59230769
vt 0.09333333 0.59230769
vt 0.09333333 0.56153846
vt 0.04 0.56153846
vn -0.70710678 0 0.70710678
usemtl texture
f 388/548/137 391/547/137 389/546/137 386/545/137
vt 0.09333333 0.59230769
vt 0.04 0.59230769
vt 0.04 0.56153846
vt 0.09333333 0.56153846
vn 0.70710678 0 -0.70710678
usemtl texture
f 392/552/138 387/551/138 385/550/138 390/549/138

o cube
v 0.84911165 0.75 -0.02588835
v 0.84911165 0.75 -0.02588835
v 0.84911165 0.375 -0.02588835
v 0.84911165 0.375 -0.02588835
v 1.02588835 0.75 0.15088835
v 1.02588835 0.75 0.15088835
v 1.02588835 0.375 0.15088835
v 1.02588835 0.375 0.15088835
vt 0.04 0.53076923
vt 0.09333333 0.53076923
vt 0.09333333 0.5
vt 0.04 0.5
vn -0.70710678 0 0.70710678
usemtl texture
f 396/556/139 399/555/139 397/554/139 394/553/139
vt 0.09333333 0.53076923
vt 0.04 0.53076923
vt 0.04 0.5
vt 0.09333333 0.5
vn 0.70710678 0 -0.70710678
usemtl texture
f 400/560/140 395/559/140 393/558/140 398/557/140

o cube
v 0.84911165 0.75 -0.02588835
v 0.84911165 0.75 -0.02588835
v 0.84911165 0.375 -0.02588835
v 0.84911165 0.375 -0.02588835
v 1.02588835 0.75 0.15088835
v 1.02588835 0.75 0.15088835
v 1.02588835 0.375 0.15088835
v 1.02588835 0.375 0.15088835
vt 0.04 0.46923077
vt 0.09333333 0.46923077
vt 0.09333333 0.43846154
vt 0.04 0.43846154
vn -0.70710678 0 0.70710678
usemtl texture
f 404/564/141 407/563/141 405/562/141 402/561/141
vt 0.09333333 0.46923077
vt 0.04 0.46923077
vt 0.04 0.43846154
vt 0.09333333 0.43846154
vn 0.70710678 0 -0.70710678
usemtl texture
f 408/568/142 403/567/142 401/566/142 406/565/142

o cube
v 0.84911165 0.75 -0.02588835
v 0.84911165 0.75 -0.02588835
v 0.84911165 0.375 -0.02588835
v 0.84911165 0.375 -0.02588835
v 1.02588835 0.75 0.15088835
v 1.02588835 0.75 0.15088835
v 1.02588835 0.375 0.15088835
v 1.02588835 0.375 0.15088835
vt 0.04 0.40769231
vt 0.09333333 0.40769231
vt 0.09333333 0.37692308
vt 0.04 0.37692308
vn -0.70710678 0 0.70710678
usemtl texture
f 412/572/143 415/571/143 413/570/143 410/569/143
vt 0.09333333 0.40769231
vt 0.04 0.40769231
vt 0.04 0.37692308
vt 0.09333333 0.37692308
vn 0.70710678 0 -0.70710678
usemtl texture
f 416/576/144 411/575/144 409/574/144 414/573/144

o cube
v 0.84911165 0.75 -0.02588835
v 0.84911165 0.75 -0.02588835
v 0.84911165 0.375 -0.02588835
v 0.84911165 0.375 -0.02588835
v 1.02588835 0.75 0.15088835
v 1.02588835 0.75 0.15088835
v 1.02588835 0.375 0.15088835
v 1.02588835 0.375 0.15088835
vt 0.04 0.34615385
vt 0.09333333 0.34615385
vt 0.09333333 0.31538462
vt 0.04 0.31538462
vn -0.70710678 0 0.70710678
usemtl texture
f 420/580/145 423/579/145 421/578/145 418/577/145
vt 0.09333333 0.34615385
vt 0.04 0.34615385
vt 0.04 0.31538462
vt 0.09333333 0.31538462
vn 0.70710678 0 -0.70710678
usemtl texture
f 424/584/146 419/583/146 417/582/146 422/581/146

o cube
v 0.84911165 0.75 -0.02588835
v 0.84911165 0.75 -0.02588835
v 0.84911165 0.375 -0.02588835
v 0.84911165 0.375 -0.02588835
v 1.02588835 0.75 0.15088835
v 1.02588835 0.75 0.15088835
v 1.02588835 0.375 0.15088835
v 1.02588835 0.375 0.15088835
vt 0.04 0.28461538
vt 0.09333333 0.28461538
vt 0.09333333 0.25384615
vt 0.04 0.25384615
vn -0.70710678 0 0.70710678
usemtl texture
f 428/588/147 431/587/147 429/586/147 426/585/147
vt 0.09333333 0.28461538
vt 0.04 0.28461538
vt 0.04 0.25384615
vt 0.09333333 0.25384615
vn 0.70710678 0 -0.70710678
usemtl texture
f 432/592/148 427/591/148 425/590/148 430/589/148

o cube
v 0.84911165 0.75 -0.02588835
v 0.84911165 0.75 -0.02588835
v 0.84911165 0.375 -0.02588835
v 0.84911165 0.375 -0.02588835
v 1.02588835 0.75 0.15088835
v 1.02588835 0.75 0.15088835
v 1.02588835 0.375 0.15088835
v 1.02588835 0.375 0.15088835
vt 0.04 0.22307692
vt 0.09333333 0.22307692
vt 0.09333333 0.19230769
vt 0.04 0.19230769
vn -0.70710678 0 0.70710678
usemtl texture
f 436/596/149 439/595/149 437/594/149 434/593/149
vt 0.09333333 0.22307692
vt 0.04 0.22307692
vt 0.04 0.19230769
vt 0.09333333 0.19230769
vn 0.70710678 0 -0.70710678
usemtl texture
f 440/600/150 435/599/150 433/598/150 438/597/150

o cube
v 0.84911165 0.75 -0.02588835
v 0.84911165 0.75 -0.02588835
v 0.84911165 0.375 -0.02588835
v 0.84911165 0.375 -0.02588835
v 1.02588835 0.75 0.15088835
v 1.02588835 0.75 0.15088835
v 1.02588835 0.375 0.15088835
v 1.02588835 0.375 0.15088835
vt 0.04 0.16153846
vt 0.09333333 0.16153846
vt 0.09333333 0.13076923
vt 0.04 0.13076923
vn -0.70710678 0 0.70710678
usemtl texture
f 444/604/151 447/603/151 445/602/151 442/601/151
vt 0.09333333 0.16153846
vt 0.04 0.16153846
vt 0.04 0.13076923
vt 0.09333333 0.13076923
vn 0.70710678 0 -0.70710678
usemtl texture
f 448/608/152 443/607/152 441/606/152 446/605/152

o cube
v 0.84911165 0.75 -0.02588835
v 0.84911165 0.75 -0.02588835
v 0.84911165 0.375 -0.02588835
v 0.84911165 0.375 -0.02588835
v 1.02588835 0.75 0.15088835
v 1.02588835 0.75 0.15088835
v 1.02588835 0.375 0.15088835
v 1.02588835 0.375 0.15088835
vt 0.04 0.1
vt 0.09333333 0.1
vt 0.09333333 0.06923077
vt 0.04 0.06923077
vn -0.70710678 0 0.70710678
usemtl texture
f 452/612/153 455/611/153 453/610/153 450/609/153
vt 0.09333333 0.1
vt 0.04 0.1
vt 0.04 0.06923077
vt 0.09333333 0.06923077
vn 0.70710678 0 -0.70710678
usemtl texture
f 456/616/154 451/615/154 449/614/154 454/613/154

o cube
v 0.84911165 0.75 -0.02588835
v 0.84911165 0.75 -0.02588835
v 0.84911165 0.375 -0.02588835
v 0.84911165 0.375 -0.02588835
v 1.02588835 0.75 0.15088835
v 1.02588835 0.75 0.15088835
v 1.02588835 0.375 0.15088835
v 1.02588835 0.375 0.15088835
vt 0.04 0.03846154
vt 0.09333333 0.03846154
vt 0.09333333 0.00769231
vt 0.04 0.00769231
vn -0.70710678 0 0.70710678
usemtl texture
f 460/620/155 463/619/155 461/618/155 458/617/155
vt 0.09333333 0.03846154
vt 0.04 0.03846154
vt 0.04 0.00769231
vt 0.09333333 0.00769231
vn 0.70710678 0 -0.70710678
usemtl texture
f 464/624/156 459/623/156 457/622/156 462/621/156

o cube
v 0.15088835 0.75 -0.02588835
v 0.15088835 0.75 -0.02588835
v 0.15088835 0.375 -0.02588835
v 0.15088835 0.375 -0.02588835
v -0.02588835 0.75 0.15088835
v -0.02588835 0.75 0.15088835
v -0.02588835 0.375 0.15088835
v -0.02588835 0.375 0.15088835
vt 0.04 0.96153846
vt 0.09333333 0.96153846
vt 0.09333333 0.93076923
vt 0.04 0.93076923
vn -0.70710678 0 -0.70710678
usemtl texture
f 468/628/157 471/627/157 469/626/157 466/625/157
vt 0.09333333 0.96153846
vt 0.04 0.96153846
vt 0.04 0.93076923
vt 0.09333333 0.93076923
vn 0.70710678 0 0.70710678
usemtl texture
f 472/632/158 467/631/158 465/630/158 470/629/158

o cube
v 0.15088835 0.75 -0.02588835
v 0.15088835 0.75 -0.02588835
v 0.15088835 0.375 -0.02588835
v 0.15088835 0.375 -0.02588835
v -0.02588835 0.75 0.15088835
v -0.02588835 0.75 0.15088835
v -0.02588835 0.375 0.15088835
v -0.02588835 0.375 0.15088835
vt 0.04 0.9
vt 0.09333333 0.9
vt 0.09333333 0.86923077
vt 0.04 0.86923077
vn -0.70710678 0 -0.70710678
usemtl texture
f 476/636/159 479/635/159 477/634/159 474/633/159
vt 0.09333333 0.9
vt 0.04 0.9
vt 0.04 0.86923077
vt 0.09333333 0.86923077
vn 0.70710678 0 0.70710678
usemtl texture
f 480/640/160 475/639/160 473/638/160 478/637/160

o cube
v 0.15088835 0.75 -0.02588835
v 0.15088835 0.75 -0.02588835
v 0.15088835 0.375 -0.02588835
v 0.15088835 0.375 -0.02588835
v -0.02588835 0.75 0.15088835
v -0.02588835 0.75 0.15088835
v -0.02588835 0.375 0.15088835
v -0.02588835 0.375 0.15088835
vt 0.04 0.83846154
vt 0.09333333 0.83846154
vt 0.09333333 0.80769231
vt 0.04 0.80769231
vn -0.70710678 0 -0.70710678
usemtl texture
f 484/644/161 487/643/161 485/642/161 482/641/161
vt 0.09333333 0.83846154
vt 0.04 0.83846154
vt 0.04 0.80769231
vt 0.09333333 0.80769231
vn 0.70710678 0 0.70710678
usemtl texture
f 488/648/162 483/647/162 481/646/162 486/645/162

o cube
v 0.15088835 0.75 -0.02588835
v 0.15088835 0.75 -0.02588835
v 0.15088835 0.375 -0.02588835
v 0.15088835 0.375 -0.02588835
v -0.02588835 0.75 0.15088835
v -0.02588835 0.75 0.15088835
v -0.02588835 0.375 0.15088835
v -0.02588835 0.375 0.15088835
vt 0.04 0.77692308
vt 0.09333333 0.77692308
vt 0.09333333 0.74615385
vt 0.04 0.74615385
vn -0.70710678 0 -0.70710678
usemtl texture
f 492/652/163 495/651/163 493/650/163 490/649/163
vt 0.09333333 0.77692308
vt 0.04 0.77692308
vt 0.04 0.74615385
vt 0.09333333 0.74615385
vn 0.70710678 0 0.70710678
usemtl texture
f 496/656/164 491/655/164 489/654/164 494/653/164

o cube
v 0.15088835 0.75 -0.02588835
v 0.15088835 0.75 -0.02588835
v 0.15088835 0.375 -0.02588835
v 0.15088835 0.375 -0.02588835
v -0.02588835 0.75 0.15088835
v -0.02588835 0.75 0.15088835
v -0.02588835 0.375 0.15088835
v -0.02588835 0.375 0.15088835
vt 0.04 0.71538462
vt 0.09333333 0.71538462
vt 0.09333333 0.68461538
vt 0.04 0.68461538
vn -0.70710678 0 -0.70710678
usemtl texture
f 500/660/165 503/659/165 501/658/165 498/657/165
vt 0.09333333 0.71538462
vt 0.04 0.71538462
vt 0.04 0.68461538
vt 0.09333333 0.68461538
vn 0.70710678 0 0.70710678
usemtl texture
f 504/664/166 499/663/166 497/662/166 502/661/166

o cube
v 0.15088835 0.75 -0.02588835
v 0.15088835 0.75 -0.02588835
v 0.15088835 0.375 -0.02588835
v 0.15088835 0.375 -0.02588835
v -0.02588835 0.75 0.15088835
v -0.02588835 0.75 0.15088835
v -0.02588835 0.375 0.15088835
v -0.02588835 0.375 0.15088835
vt 0.04 0.65384615
vt 0.09333333 0.65384615
vt 0.09333333 0.62307692
vt 0.04 0.62307692
vn -0.70710678 0 -0.70710678
usemtl texture
f 508/668/167 511/667/167 509/666/167 506/665/167
vt 0.09333333 0.65384615
vt 0.04 0.65384615
vt 0.04 0.62307692
vt 0.09333333 0.62307692
vn 0.70710678 0 0.70710678
usemtl texture
f 512/672/168 507/671/168 505/670/168 510/669/168

o cube
v 0.15088835 0.75 -0.02588835
v 0.15088835 0.75 -0.02588835
v 0.15088835 0.375 -0.02588835
v 0.15088835 0.375 -0.02588835
v -0.02588835 0.75 0.15088835
v -0.02588835 0.75 0.15088835
v -0.02588835 0.375 0.15088835
v -0.02588835 0.375 0.15088835
vt 0.04 0.59230769
vt 0.09333333 0.59230769
vt 0.09333333 0.56153846
vt 0.04 0.56153846
vn -0.70710678 0 -0.70710678
usemtl texture
f 516/676/169 519/675/169 517/674/169 514/673/169
vt 0.09333333 0.59230769
vt 0.04 0.59230769
vt 0.04 0.56153846
vt 0.09333333 0.56153846
vn 0.70710678 0 0.70710678
usemtl texture
f 520/680/170 515/679/170 513/678/170 518/677/170

o cube
v 0.15088835 0.75 -0.02588835
v 0.15088835 0.75 -0.02588835
v 0.15088835 0.375 -0.02588835
v 0.15088835 0.375 -0.02588835
v -0.02588835 0.75 0.15088835
v -0.02588835 0.75 0.15088835
v -0.02588835 0.375 0.15088835
v -0.02588835 0.375 0.15088835
vt 0.04 0.53076923
vt 0.09333333 0.53076923
vt 0.09333333 0.5
vt 0.04 0.5
vn -0.70710678 0 -0.70710678
usemtl texture
f 524/684/171 527/683/171 525/682/171 522/681/171
vt 0.09333333 0.53076923
vt 0.04 0.53076923
vt 0.04 0.5
vt 0.09333333 0.5
vn 0.70710678 0 0.70710678
usemtl texture
f 528/688/172 523/687/172 521/686/172 526/685/172

o cube
v 0.15088835 0.75 -0.02588835
v 0.15088835 0.75 -0.02588835
v 0.15088835 0.375 -0.02588835
v 0.15088835 0.375 -0.02588835
v -0.02588835 0.75 0.15088835
v -0.02588835 0.75 0.15088835
v -0.02588835 0.375 0.15088835
v -0.02588835 0.375 0.15088835
vt 0.04 0.46923077
vt 0.09333333 0.46923077
vt 0.09333333 0.43846154
vt 0.04 0.43846154
vn -0.70710678 0 -0.70710678
usemtl texture
f 532/692/173 535/691/173 533/690/173 530/689/173
vt 0.09333333 0.46923077
vt 0.04 0.46923077
vt 0.04 0.43846154
vt 0.09333333 0.43846154
vn 0.70710678 0 0.70710678
usemtl texture
f 536/696/174 531/695/174 529/694/174 534/693/174

o cube
v 0.15088835 0.75 -0.02588835
v 0.15088835 0.75 -0.02588835
v 0.15088835 0.375 -0.02588835
v 0.15088835 0.375 -0.02588835
v -0.02588835 0.75 0.15088835
v -0.02588835 0.75 0.15088835
v -0.02588835 0.375 0.15088835
v -0.02588835 0.375 0.15088835
vt 0.04 0.40769231
vt 0.09333333 0.40769231
vt 0.09333333 0.37692308
vt 0.04 0.37692308
vn -0.70710678 0 -0.70710678
usemtl texture
f 540/700/175 543/699/175 541/698/175 538/697/175
vt 0.09333333 0.40769231
vt 0.04 0.40769231
vt 0.04 0.37692308
vt 0.09333333 0.37692308
vn 0.70710678 0 0.70710678
usemtl texture
f 544/704/176 539/703/176 537/702/176 542/701/176

o cube
v 0.15088835 0.75 -0.02588835
v 0.15088835 0.75 -0.02588835
v 0.15088835 0.375 -0.02588835
v 0.15088835 0.375 -0.02588835
v -0.02588835 0.75 0.15088835
v -0.02588835 0.75 0.15088835
v -0.02588835 0.375 0.15088835
v -0.02588835 0.375 0.15088835
vt 0.04 0.34615385
vt 0.09333333 0.34615385
vt 0.09333333 0.31538462
vt 0.04 0.31538462
vn -0.70710678 0 -0.70710678
usemtl texture
f 548/708/177 551/707/177 549/706/177 546/705/177
vt 0.09333333 0.34615385
vt 0.04 0.34615385
vt 0.04 0.31538462
vt 0.09333333 0.31538462
vn 0.70710678 0 0.70710678
usemtl texture
f 552/712/178 547/711/178 545/710/178 550/709/178

o cube
v 0.15088835 0.75 -0.02588835
v 0.15088835 0.75 -0.02588835
v 0.15088835 0.375 -0.02588835
v 0.15088835 0.375 -0.02588835
v -0.02588835 0.75 0.15088835
v -0.02588835 0.75 0.15088835
v -0.02588835 0.375 0.15088835
v -0.02588835 0.375 0.15088835
vt 0.04 0.28461538
vt 0.09333333 0.28461538
vt 0.09333333 0.25384615
vt 0.04 0.25384615
vn -0.70710678 0 -0.70710678
usemtl texture
f 556/716/179 559/715/179 557/714/179 554/713/179
vt 0.09333333 0.28461538
vt 0.04 0.28461538
vt 0.04 0.25384615
vt 0.09333333 0.25384615
vn 0.70710678 0 0.70710678
usemtl texture
f 560/720/180 555/719/180 553/718/180 558/717/180

o cube
v 0.15088835 0.75 -0.02588835
v 0.15088835 0.75 -0.02588835
v 0.15088835 0.375 -0.02588835
v 0.15088835 0.375 -0.02588835
v -0.02588835 0.75 0.15088835
v -0.02588835 0.75 0.15088835
v -0.02588835 0.375 0.15088835
v -0.02588835 0.375 0.15088835
vt 0.04 0.22307692
vt 0.09333333 0.22307692
vt 0.09333333 0.19230769
vt 0.04 0.19230769
vn -0.70710678 0 -0.70710678
usemtl texture
f 564/724/181 567/723/181 565/722/181 562/721/181
vt 0.09333333 0.22307692
vt 0.04 0.22307692
vt 0.04 0.19230769
vt 0.09333333 0.19230769
vn 0.70710678 0 0.70710678
usemtl texture
f 568/728/182 563/727/182 561/726/182 566/725/182

o cube
v 0.15088835 0.75 -0.02588835
v 0.15088835 0.75 -0.02588835
v 0.15088835 0.375 -0.02588835
v 0.15088835 0.375 -0.02588835
v -0.02588835 0.75 0.15088835
v -0.02588835 0.75 0.15088835
v -0.02588835 0.375 0.15088835
v -0.02588835 0.375 0.15088835
vt 0.04 0.16153846
vt 0.09333333 0.16153846
vt 0.09333333 0.13076923
vt 0.04 0.13076923
vn -0.70710678 0 -0.70710678
usemtl texture
f 572/732/183 575/731/183 573/730/183 570/729/183
vt 0.09333333 0.16153846
vt 0.04 0.16153846
vt 0.04 0.13076923
vt 0.09333333 0.13076923
vn 0.70710678 0 0.70710678
usemtl texture
f 576/736/184 571/735/184 569/734/184 574/733/184

o cube
v 0.15088835 0.75 -0.02588835
v 0.15088835 0.75 -0.02588835
v 0.15088835 0.375 -0.02588835
v 0.15088835 0.375 -0.02588835
v -0.02588835 0.75 0.15088835
v -0.02588835 0.75 0.15088835
v -0.02588835 0.375 0.15088835
v -0.02588835 0.375 0.15088835
vt 0.04 0.1
vt 0.09333333 0.1
vt 0.09333333 0.06923077
vt 0.04 0.06923077
vn -0.70710678 0 -0.70710678
usemtl texture
f 580/740/185 583/739/185 581/738/185 578/737/185
vt 0.09333333 0.1
vt 0.04 0.1
vt 0.04 0.06923077
vt 0.09333333 0.06923077
vn 0.70710678 0 0.70710678
usemtl texture
f 584/744/186 579/743/186 577/742/186 582/741/186

o cube
v 0.15088835 0.75 -0.02588835
v 0.15088835 0.75 -0.02588835
v 0.15088835 0.375 -0.02588835
v 0.15088835 0.375 -0.02588835
v -0.02588835 0.75 0.15088835
v -0.02588835 0.75 0.15088835
v -0.02588835 0.375 0.15088835
v -0.02588835 0.375 0.15088835
vt 0.04 0.03846154
vt 0.09333333 0.03846154
vt 0.09333333 0.00769231
vt 0.04 0.00769231
vn -0.70710678 0 -0.70710678
usemtl texture
f 588/748/187 591/747/187 589/746/187 586/745/187
vt 0.09333333 0.03846154
vt 0.04 0.03846154
vt 0.04 0.00769231
vt 0.09333333 0.00769231
vn 0.70710678 0 0.70710678
usemtl texture
f 592/752/188 587/751/188 585/750/188 590/749/188

o cube
v 0.95428171 0.84796712 0.53125
v 1.00699368 0.8143859 0.53125
v 0.88711926 0.74254319 0.53125
v 0.93983123 0.70896197 0.53125
v 1.00699368 0.8143859 0.46875
v 0.95428171 0.84796712 0.46875
v 0.93983123 0.70896197 0.46875
v 0.88711926 0.74254319 0.46875
vt 0.26 0.35769231
vt 0.27333333 0.35769231
vt 0.27333333 0.35
vt 0.26 0.35
vn 0.84339145 -0.53729961 0
usemtl texture
f 596/756/189 599/755/189 597/754/189 594/753/189
vt 0.28666667 0.36538462
vt 0.29333333 0.36538462
vt 0.29333333 0.35769231
vt 0.28666667 0.35769231
vn 0 0 1
usemtl texture
f 595/760/190 596/759/190 594/758/190 593/757/190
vt 0.27333333 0.36538462
vt 0.28666667 0.36538462
vt 0.28666667 0.35769231
vt 0.27333333 0.35769231
vn -0.84339145 0.53729961 0
usemtl texture
f 600/764/191 595/763/191 593/762/191 598/761/191
vt 0.29333333 0.36538462
vt 0.3 0.36538462
vt 0.3 0.35769231
vt 0.29333333 0.35769231
vn 0 0 -1
usemtl texture
f 599/768/192 600/767/192 598/766/192 597/765/192
vt 0.36666667 0.41923077
vt 0.35333333 0.41923077
vt 0.35333333 0.42307692
vt 0.36666667 0.42307692
vn 0.53729961 0.84339145 0
usemtl texture
f 598/772/193 593/771/193 594/770/193 597/769/193
vt 0.36666667 0.41923077
vt 0.35333333 0.41923077
vt 0.35333333 0.41538462
vt 0.36666667 0.41538462
vn -0.53729961 -0.84339145 0
usemtl texture
f 599/776/194 596/775/194 595/774/194 600/773/194

o cube
v 0.825 1.0625 0.50375
v 0.83125 1.0625 0.50375
v 0.825 0.90625 0.50375
v 0.83125 0.90625 0.50375
v 0.83125 1.0625 0.4975
v 0.825 1.0625 0.4975
v 0.83125 0.90625 0.4975
v 0.825 0.90625 0.4975
vt 0.26 0.36538462
vt 0.27333333 0.36538462
vt 0.27333333 0.35769231
vt 0.26 0.35769231
vn 1 0 0
usemtl texture
f 604/780/195 607/779/195 605/778/195 602/777/195
vt 0.28666667 0.36538462
vt 0.29333333 0.36538462
vt 0.29333333 0.35769231
vt 0.28666667 0.35769231
vn 0 0 1
usemtl texture
f 603/784/196 604/783/196 602/782/196 601/781/196
vt 0.27333333 0.36538462
vt 0.28666667 0.36538462
vt 0.28666667 0.35769231
vt 0.27333333 0.35769231
vn -1 0 0
usemtl texture
f 608/788/197 603/787/197 601/786/197 606/785/197
vt 0.29333333 0.36538462
vt 0.3 0.36538462
vt 0.3 0.35769231
vt 0.29333333 0.35769231
vn 0 0 -1
usemtl texture
f 607/792/198 608/791/198 606/790/198 605/789/198
vt 0.36666667 0.41923077
vt 0.35333333 0.41923077
vt 0.35333333 0.42307692
vt 0.36666667 0.42307692
vn 0 1 0
usemtl texture
f 606/796/199 601/795/199 602/794/199 605/793/199
vt 0.36666667 0.41923077
vt 0.35333333 0.41923077
vt 0.35333333 0.41538462
vt 0.36666667 0.41538462
vn 0 -1 0
usemtl texture
f 607/800/200 604/799/200 603/798/200 608/797/200

o cube
v 0.825 0.65625 0.51625
v 0.83125 0.65625 0.51625
v 0.825 0.5 0.51625
v 0.83125 0.5 0.51625
v 0.83125 0.65625 0.485
v 0.825 0.65625 0.485
v 0.83125 0.5 0.485
v 0.825 0.5 0.485
vt 0.26 0.36538462
vt 0.27333333 0.36538462
vt 0.27333333 0.35769231
vt 0.26 0.35769231
vn 1 0 0
usemtl texture
f 612/804/201 615/803/201 613/802/201 610/801/201
vt 0.28666667 0.36538462
vt 0.29333333 0.36538462
vt 0.29333333 0.35769231
vt 0.28666667 0.35769231
vn 0 0 1
usemtl texture
f 611/808/202 612/807/202 610/806/202 609/805/202
vt 0.27333333 0.36538462
vt 0.28666667 0.36538462
vt 0.28666667 0.35769231
vt 0.27333333 0.35769231
vn -1 0 0
usemtl texture
f 616/812/203 611/811/203 609/810/203 614/809/203
vt 0.29333333 0.36538462
vt 0.3 0.36538462
vt 0.3 0.35769231
vt 0.29333333 0.35769231
vn 0 0 -1
usemtl texture
f 615/816/204 616/815/204 614/814/204 613/813/204
vt 0.36666667 0.41923077
vt 0.35333333 0.41923077
vt 0.35333333 0.42307692
vt 0.36666667 0.42307692
vn 0 1 0
usemtl texture
f 614/820/205 609/819/205 610/818/205 613/817/205
vt 0.36666667 0.41923077
vt 0.35333333 0.41923077
vt 0.35333333 0.41538462
vt 0.36666667 0.41538462
vn 0 -1 0
usemtl texture
f 615/824/206 612/823/206 611/822/206 616/821/206

o cube
v 0.175 1.0625 0.4975
v 0.16875 1.0625 0.4975
v 0.175 0.90625 0.4975
v 0.16875 0.90625 0.4975
v 0.16875 1.0625 0.50375
v 0.175 1.0625 0.50375
v 0.16875 0.90625 0.50375
v 0.175 0.90625 0.50375
vt 0.26 0.36538462
vt 0.27333333 0.36538462
vt 0.27333333 0.35769231
vt 0.26 0.35769231
vn -1 0 0
usemtl texture
f 620/828/207 623/827/207 621/826/207 618/825/207
vt 0.28666667 0.36538462
vt 0.29333333 0.36538462
vt 0.29333333 0.35769231
vt 0.28666667 0.35769231
vn 0 0 -1
usemtl texture
f 619/832/208 620/831/208 618/830/208 617/829/208
vt 0.27333333 0.36538462
vt 0.28666667 0.36538462
vt 0.28666667 0.35769231
vt 0.27333333 0.35769231
vn 1 0 0
usemtl texture
f 624/836/209 619/835/209 617/834/209 622/833/209
vt 0.29333333 0.36538462
vt 0.3 0.36538462
vt 0.3 0.35769231
vt 0.29333333 0.35769231
vn 0 0 1
usemtl texture
f 623/840/210 624/839/210 622/838/210 621/837/210
vt 0.36666667 0.41923077
vt 0.35333333 0.41923077
vt 0.35333333 0.42307692
vt 0.36666667 0.42307692
vn 0 1 0
usemtl texture
f 622/844/211 617/843/211 618/842/211 621/841/211
vt 0.36666667 0.41923077
vt 0.35333333 0.41923077
vt 0.35333333 0.41538462
vt 0.36666667 0.41538462
vn 0 -1 0
usemtl texture
f 623/848/212 620/847/212 619/846/212 624/845/212

o cube
v 0.175 0.65625 0.485
v 0.16875 0.65625 0.485
v 0.175 0.5 0.485
v 0.16875 0.5 0.485
v 0.16875 0.65625 0.51625
v 0.175 0.65625 0.51625
v 0.16875 0.5 0.51625
v 0.175 0.5 0.51625
vt 0.26 0.36538462
vt 0.27333333 0.36538462
vt 0.27333333 0.35769231
vt 0.26 0.35769231
vn -1 0 0
usemtl texture
f 628/852/213 631/851/213 629/850/213 626/849/213
vt 0.28666667 0.36538462
vt 0.29333333 0.36538462
vt 0.29333333 0.35769231
vt 0.28666667 0.35769231
vn 0 0 -1
usemtl texture
f 627/856/214 628/855/214 626/854/214 625/853/214
vt 0.27333333 0.36538462
vt 0.28666667 0.36538462
vt 0.28666667 0.35769231
vt 0.27333333 0.35769231
vn 1 0 0
usemtl texture
f 632/860/215 627/859/215 625/858/215 630/857/215
vt 0.29333333 0.36538462
vt 0.3 0.36538462
vt 0.3 0.35769231
vt 0.29333333 0.35769231
vn 0 0 1
usemtl texture
f 631/864/216 632/863/216 630/862/216 629/861/216
vt 0.36666667 0.41923077
vt 0.35333333 0.41923077
vt 0.35333333 0.42307692
vt 0.36666667 0.42307692
vn 0 1 0
usemtl texture
f 630/868/217 625/867/217 626/866/217 629/865/217
vt 0.36666667 0.41923077
vt 0.35333333 0.41923077
vt 0.35333333 0.41538462
vt 0.36666667 0.41538462
vn 0 -1 0
usemtl texture
f 631/872/218 628/871/218 627/870/218 632/869/218

o cube
v 0.4875 1.0625 0.50375
v 0.4875 1.06875 0.50375
v 0.83125 1.0625 0.50375
v 0.83125 1.06875 0.50375
v 0.4875 1.06875 0.4975
v 0.4875 1.0625 0.4975
v 0.83125 1.06875 0.4975
v 0.83125 1.0625 0.4975
vt 0.26 0.36538462
vt 0.27333333 0.36538462
vt 0.27333333 0.35769231
vt 0.26 0.35769231
vn 0 1 0
usemtl texture
f 636/876/219 639/875/219 637/874/219 634/873/219
vt 0.28666667 0.36538462
vt 0.29333333 0.36538462
vt 0.29333333 0.35769231
vt 0.28666667 0.35769231
vn 0 0 1
usemtl texture
f 635/880/220 636/879/220 634/878/220 633/877/220
vt 0.27333333 0.36538462
vt 0.28666667 0.36538462
vt 0.28666667 0.35769231
vt 0.27333333 0.35769231
vn 0 -1 0
usemtl texture
f 640/884/221 635/883/221 633/882/221 638/881/221
vt 0.29333333 0.36538462
vt 0.3 0.36538462
vt 0.3 0.35769231
vt 0.29333333 0.35769231
vn 0 0 -1
usemtl texture
f 639/888/222 640/887/222 638/886/222 637/885/222
vt 0.36666667 0.41923077
vt 0.35333333 0.41923077
vt 0.35333333 0.42307692
vt 0.36666667 0.42307692
vn -1 0 0
usemtl texture
f 638/892/223 633/891/223 634/890/223 637/889/223
vt 0.36666667 0.41923077
vt 0.35333333 0.41923077
vt 0.35333333 0.41538462
vt 0.36666667 0.41538462
vn 1 0 0
usemtl texture
f 639/896/224 636/895/224 635/894/224 640/893/224

o cube
v 0.16875 1.0625 0.50375
v 0.16875 1.06875 0.50375
v 0.4875 1.0625 0.50375
v 0.4875 1.06875 0.50375
v 0.16875 1.06875 0.4975
v 0.16875 1.0625 0.4975
v 0.4875 1.06875 0.4975
v 0.4875 1.0625 0.4975
vt 0.26 0.36538462
vt 0.27333333 0.36538462
vt 0.27333333 0.35769231
vt 0.26 0.35769231
vn 0 1 0
usemtl texture
f 644/900/225 647/899/225 645/898/225 642/897/225
vt 0.28666667 0.36538462
vt 0.29333333 0.36538462
vt 0.29333333 0.35769231
vt 0.28666667 0.35769231
vn 0 0 1
usemtl texture
f 643/904/226 644/903/226 642/902/226 641/901/226
vt 0.27333333 0.36538462
vt 0.28666667 0.36538462
vt 0.28666667 0.35769231
vt 0.27333333 0.35769231
vn 0 -1 0
usemtl texture
f 648/908/227 643/907/227 641/906/227 646/905/227
vt 0.29333333 0.36538462
vt 0.3 0.36538462
vt 0.3 0.35769231
vt 0.29333333 0.35769231
vn 0 0 -1
usemtl texture
f 647/912/228 648/911/228 646/910/228 645/909/228
vt 0.36666667 0.41923077
vt 0.35333333 0.41923077
vt 0.35333333 0.42307692
vt 0.36666667 0.42307692
vn -1 0 0
usemtl texture
f 646/916/229 641/915/229 642/914/229 645/913/229
vt 0.36666667 0.41923077
vt 0.35333333 0.41923077
vt 0.35333333 0.41538462
vt 0.36666667 0.41538462
vn 1 0 0
usemtl texture
f 647/920/230 644/919/230 643/918/230 648/917/230

o cube
v 0.95428171 0.84796712 0.5625
v 1.00699368 0.8143859 0.5625
v 0.88711926 0.74254319 0.5625
v 0.93983123 0.70896197 0.5625
v 1.00699368 0.8143859 0.53125
v 0.95428171 0.84796712 0.53125
v 0.93983123 0.70896197 0.53125
v 0.88711926 0.74254319 0.53125
vt 0.28666667 0.39230769
vt 0.3 0.39230769
vt 0.3 0.38461538
vt 0.28666667 0.38461538
vn 0.84339145 -0.53729961 0
usemtl texture
f 652/924/231 655/923/231 653/922/231 650/921/231
vt 0.3 0.37692308
vt 0.30666667 0.37692308
vt 0.30666667 0.36923077
vt 0.3 0.36923077
vn 0 0 1
usemtl texture
f 651/928/232 652/927/232 650/926/232 649/925/232
vt 0.27333333 0.37692308
vt 0.28666667 0.37692308
vt 0.28666667 0.36923077
vt 0.27333333 0.36923077
vn -0.84339145 0.53729961 0
usemtl texture
f 656/932/233 651/931/233 649/930/233 654/929/233
vt 0.33333333 0.38076923
vt 0.34 0.38076923
vt 0.34 0.37307692
vt 0.33333333 0.37307692
vn 0 0 -1
usemtl texture
f 655/936/234 656/935/234 654/934/234 653/933/234
vt 0.35333333 0.41923077
vt 0.34 0.41923077
vt 0.34 0.42307692
vt 0.35333333 0.42307692
vn 0.53729961 0.84339145 0
usemtl texture
f 654/940/235 649/939/235 650/938/235 653/937/235
vt 0.35333333 0.41923077
vt 0.34 0.41923077
vt 0.34 0.41538462
vt 0.35333333 0.41538462
vn -0.53729961 -0.84339145 0
usemtl texture
f 655/944/236 652/943/236 651/942/236 656/941/236

o cube
v 0.95428171 0.84796712 0.46875
v 1.00699368 0.8143859 0.46875
v 0.88711926 0.74254319 0.46875
v 0.93983123 0.70896197 0.46875
v 1.00699368 0.8143859 0.4375
v 0.95428171 0.84796712 0.4375
v 0.93983123 0.70896197 0.4375
v 0.88711926 0.74254319 0.4375
vt 0.26 0.38461538
vt 0.27333333 0.38461538
vt 0.27333333 0.37692308
vt 0.26 0.37692308
vn 0.84339145 -0.53729961 0
usemtl texture
f 660/948/237 663/947/237 661/946/237 658/945/237
vt 0.3 0.37692308
vt 0.30666667 0.37692308
vt 0.30666667 0.36923077
vt 0.3 0.36923077
vn 0 0 1
usemtl texture
f 659/952/238 660/951/238 658/950/238 657/949/238
vt 0.27333333 0.37692308
vt 0.28666667 0.37692308
vt 0.28666667 0.36923077
vt 0.27333333 0.36923077
vn -0.84339145 0.53729961 0
usemtl texture
f 664/956/239 659/955/239 657/954/239 662/953/239
vt 0.33333333 0.38076923
vt 0.34 0.38076923
vt 0.34 0.37307692
vt 0.33333333 0.37307692
vn 0 0 -1
usemtl texture
f 663/960/240 664/959/240 662/958/240 661/957/240
vt 0.35333333 0.41923077
vt 0.34 0.41923077
vt 0.34 0.42307692
vt 0.35333333 0.42307692
vn 0.53729961 0.84339145 0
usemtl texture
f 662/964/241 657/963/241 658/962/241 661/961/241
vt 0.35333333 0.41923077
vt 0.34 0.41923077
vt 0.34 0.41538462
vt 0.35333333 0.41538462
vn -0.53729961 -0.84339145 0
usemtl texture
f 663/968/242 660/967/242 659/966/242 664/965/242

o cube
v 0.78125 0.90625 0.625
v 0.84375 0.90625 0.625
v 0.78125 0.65625 0.625
v 0.84375 0.65625 0.625
v 0.84375 0.90625 0.375
v 0.78125 0.90625 0.375
v 0.84375 0.65625 0.375
v 0.78125 0.65625 0.375
vt 0.25333333 0.42307692
vt 0.28 0.42307692
vt 0.28 0.40769231
vt 0.25333333 0.40769231
vn 1 0 0
usemtl texture
f 668/972/243 671/971/243 669/970/243 666/969/243
vt 0.25333333 0.39230769
vt 0.26 0.39230769
vt 0.26 0.37692308
vt 0.25333333 0.37692308
vn 0 0 1
usemtl texture
f 667/976/244 668/975/244 666/974/244 665/973/244
vt 0.25333333 0.40769231
vt 0.28 0.40769231
vt 0.28 0.39230769
vt 0.25333333 0.39230769
vn -1 0 0
usemtl texture
f 672/980/245 667/979/245 665/978/245 670/977/245
vt 0.30666667 0.42307692
vt 0.31333333 0.42307692
vt 0.31333333 0.40769231
vt 0.30666667 0.40769231
vn 0 0 -1
usemtl texture
f 671/984/246 672/983/246 670/982/246 669/981/246
vt 0.33333333 0.40384615
vt 0.30666667 0.40384615
vt 0.30666667 0.40769231
vt 0.33333333 0.40769231
vn 0 1 0
usemtl texture
f 670/988/247 665/987/247 666/986/247 669/985/247
vt 0.33333333 0.40384615
vt 0.30666667 0.40384615
vt 0.30666667 0.4
vt 0.33333333 0.4
vn 0 -1 0
usemtl texture
f 671/992/248 668/991/248 667/990/248 672/989/248

o cube
v 0.78125 0.90625 0.5625
v 0.825 0.90625 0.5625
v 0.78125 0.90625 0.4375
v 0.825 0.90625 0.4375
v 0.825 1.0625 0.5625
v 0.78125 1.0625 0.5625
v 0.825 1.0625 0.4375
v 0.78125 1.0625 0.4375
vt 0.25333333 0.42307692
vt 0.28666667 0.42307692
vt 0.28666667 0.41538462
vt 0.25333333 0.41538462
vn 1 0 0
usemtl texture
f 676/996/249 679/995/249 677/994/249 674/993/249
vt 0.25333333 0.39230769
vt 0.26 0.39230769
vt 0.26 0.37692308
vt 0.25333333 0.37692308
vn 0 -1 0
usemtl texture
f 675/1000/250 676/999/250 674/998/250 673/997/250
vt 0.25333333 0.41538462
vt 0.28666667 0.41538462
vt 0.28666667 0.40769231
vt 0.25333333 0.40769231
vn -1 0 0
usemtl texture
f 680/1004/251 675/1003/251 673/1002/251 678/1001/251
vt 0.30666667 0.42307692
vt 0.31333333 0.42307692
vt 0.31333333 0.40769231
vt 0.30666667 0.40769231
vn 0 1 0
usemtl texture
f 679/1008/252 680/1007/252 678/1006/252 677/1005/252
vt 0.33333333 0.40384615
vt 0.30666667 0.40384615
vt 0.30666667 0.40769231
vt 0.33333333 0.40769231
vn 0 0 1
usemtl texture
f 678/1012/253 673/1011/253 674/1010/253 677/1009/253
vt 0.33333333 0.40384615
vt 0.30666667 0.40384615
vt 0.30666667 0.4
vt 0.33333333 0.4
vn 0 0 -1
usemtl texture
f 679/1016/254 676/1015/254 675/1014/254 680/1013/254

o cube
v 0.7875 0.53125 0.5625
v 0.83125 0.53125 0.5625
v 0.7875 0.53125 0.4375
v 0.83125 0.53125 0.4375
v 0.83125 0.6875 0.5625
v 0.7875 0.6875 0.5625
v 0.83125 0.6875 0.4375
v 0.7875 0.6875 0.4375
vt 0.25333333 0.42307692
vt 0.28666667 0.42307692
vt 0.28666667 0.41538462
vt 0.25333333 0.41538462
vn 1 0 0
usemtl texture
f 684/1020/255 687/1019/255 685/1018/255 682/1017/255
vt 0.25333333 0.39230769
vt 0.26 0.39230769
vt 0.26 0.37692308
vt 0.25333333 0.37692308
vn 0 -1 0
usemtl texture
f 683/1024/256 684/1023/256 682/1022/256 681/1021/256
vt 0.25333333 0.41538462
vt 0.28666667 0.41538462
vt 0.28666667 0.40769231
vt 0.25333333 0.40769231
vn -1 0 0
usemtl texture
f 688/1028/257 683/1027/257 681/1026/257 686/1025/257
vt 0.30666667 0.42307692
vt 0.31333333 0.42307692
vt 0.31333333 0.40769231
vt 0.30666667 0.40769231
vn 0 1 0
usemtl texture
f 687/1032/258 688/1031/258 686/1030/258 685/1029/258
vt 0.33333333 0.40384615
vt 0.30666667 0.40384615
vt 0.30666667 0.40769231
vt 0.33333333 0.40769231
vn 0 0 1
usemtl texture
f 686/1036/259 681/1035/259 682/1034/259 685/1033/259
vt 0.33333333 0.40384615
vt 0.30666667 0.40384615
vt 0.30666667 0.4
vt 0.33333333 0.4
vn 0 0 -1
usemtl texture
f 687/1040/260 684/1039/260 683/1038/260 688/1037/260

o cube
v 0.175 0.90625 0.5625
v 0.21875 0.90625 0.5625
v 0.175 0.90625 0.4375
v 0.21875 0.90625 0.4375
v 0.21875 1.0625 0.5625
v 0.175 1.0625 0.5625
v 0.21875 1.0625 0.4375
v 0.175 1.0625 0.4375
vt 0.25333333 0.42307692
vt 0.28666667 0.42307692
vt 0.28666667 0.41538462
vt 0.25333333 0.41538462
vn 1 0 0
usemtl texture
f 692/1044/261 695/1043/261 693/1042/261 690/1041/261
vt 0.25333333 0.39230769
vt 0.26 0.39230769
vt 0.26 0.37692308
vt 0.25333333 0.37692308
vn 0 -1 0
usemtl texture
f 691/1048/262 692/1047/262 690/1046/262 689/1045/262
vt 0.25333333 0.41538462
vt 0.28666667 0.41538462
vt 0.28666667 0.40769231
vt 0.25333333 0.40769231
vn -1 0 0
usemtl texture
f 696/1052/263 691/1051/263 689/1050/263 694/1049/263
vt 0.30666667 0.42307692
vt 0.31333333 0.42307692
vt 0.31333333 0.40769231
vt 0.30666667 0.40769231
vn 0 1 0
usemtl texture
f 695/1056/264 696/1055/264 694/1054/264 693/1053/264
vt 0.33333333 0.40384615
vt 0.30666667 0.40384615
vt 0.30666667 0.40769231
vt 0.33333333 0.40769231
vn 0 0 1
usemtl texture
f 694/1060/265 689/1059/265 690/1058/265 693/1057/265
vt 0.33333333 0.40384615
vt 0.30666667 0.40384615
vt 0.30666667 0.4
vt 0.33333333 0.4
vn 0 0 -1
usemtl texture
f 695/1064/266 692/1063/266 691/1062/266 696/1061/266

o cube
v 0.15625 0.90625 0.625
v 0.21875 0.90625 0.625
v 0.15625 0.65625 0.625
v 0.21875 0.65625 0.625
v 0.21875 0.90625 0.375
v 0.15625 0.90625 0.375
v 0.21875 0.65625 0.375
v 0.15625 0.65625 0.375
vt 0.25333333 0.42307692
vt 0.28 0.42307692
vt 0.28 0.40769231
vt 0.25333333 0.40769231
vn 1 0 0
usemtl texture
f 700/1068/267 703/1067/267 701/1066/267 698/1065/267
vt 0.25333333 0.39230769
vt 0.26 0.39230769
vt 0.26 0.37692308
vt 0.25333333 0.37692308
vn 0 0 1
usemtl texture
f 699/1072/268 700/1071/268 698/1070/268 697/1069/268
vt 0.25333333 0.40769231
vt 0.28 0.40769231
vt 0.28 0.39230769
vt 0.25333333 0.39230769
vn -1 0 0
usemtl texture
f 704/1076/269 699/1075/269 697/1074/269 702/1073/269
vt 0.30666667 0.42307692
vt 0.31333333 0.42307692
vt 0.31333333 0.40769231
vt 0.30666667 0.40769231
vn 0 0 -1
usemtl texture
f 703/1080/270 704/1079/270 702/1078/270 701/1077/270
vt 0.33333333 0.40384615
vt 0.30666667 0.40384615
vt 0.30666667 0.40769231
vt 0.33333333 0.40769231
vn 0 1 0
usemtl texture
f 702/1084/271 697/1083/271 698/1082/271 701/1081/271
vt 0.33333333 0.40384615
vt 0.30666667 0.40384615
vt 0.30666667 0.4
vt 0.33333333 0.4
vn 0 -1 0
usemtl texture
f 703/1088/272 700/1087/272 699/1086/272 704/1085/272

o cube
v 0.16875 0.53125 0.5625
v 0.2125 0.53125 0.5625
v 0.16875 0.53125 0.4375
v 0.2125 0.53125 0.4375
v 0.2125 0.6875 0.5625
v 0.16875 0.6875 0.5625
v 0.2125 0.6875 0.4375
v 0.16875 0.6875 0.4375
vt 0.25333333 0.42307692
vt 0.28666667 0.42307692
vt 0.28666667 0.41538462
vt 0.25333333 0.41538462
vn 1 0 0
usemtl texture
f 708/1092/273 711/1091/273 709/1090/273 706/1089/273
vt 0.25333333 0.39230769
vt 0.26 0.39230769
vt 0.26 0.37692308
vt 0.25333333 0.37692308
vn 0 -1 0
usemtl texture
f 707/1096/274 708/1095/274 706/1094/274 705/1093/274
vt 0.25333333 0.41538462
vt 0.28666667 0.41538462
vt 0.28666667 0.40769231
vt 0.25333333 0.40769231
vn -1 0 0
usemtl texture
f 712/1100/275 707/1099/275 705/1098/275 710/1097/275
vt 0.30666667 0.42307692
vt 0.31333333 0.42307692
vt 0.31333333 0.40769231
vt 0.30666667 0.40769231
vn 0 1 0
usemtl texture
f 711/1104/276 712/1103/276 710/1102/276 709/1101/276
vt 0.33333333 0.40384615
vt 0.30666667 0.40384615
vt 0.30666667 0.40769231
vt 0.33333333 0.40769231
vn 0 0 1
usemtl texture
f 710/1108/277 705/1107/277 706/1106/277 709/1105/277
vt 0.33333333 0.40384615
vt 0.30666667 0.40384615
vt 0.30666667 0.4
vt 0.33333333 0.4
vn 0 0 -1
usemtl texture
f 711/1112/278 708/1111/278 707/1110/278 712/1109/278

o cube
v 0.89408468 0.86482988 0.5625
v 0.95445505 0.84865369 0.5625
v 0.8617323 0.74408915 0.5625
v 0.92210267 0.72791296 0.5625
v 0.95445505 0.84865369 0.53125
v 0.89408468 0.86482988 0.53125
v 0.92210267 0.72791296 0.53125
v 0.8617323 0.74408915 0.53125
vt 0.28666667 0.39230769
vt 0.3 0.39230769
vt 0.3 0.38461538
vt 0.28666667 0.38461538
vn 0.96592583 -0.25881905 0
usemtl texture
f 716/1116/279 719/1115/279 717/1114/279 714/1113/279
vt 0.3 0.37692308
vt 0.30666667 0.37692308
vt 0.30666667 0.36923077
vt 0.3 0.36923077
vn 0 0 1
usemtl texture
f 715/1120/280 716/1119/280 714/1118/280 713/1117/280
vt 0.27333333 0.37692308
vt 0.28666667 0.37692308
vt 0.28666667 0.36923077
vt 0.27333333 0.36923077
vn -0.96592583 0.25881905 0
usemtl texture
f 720/1124/281 715/1123/281 713/1122/281 718/1121/281
vt 0.33333333 0.38076923
vt 0.34 0.38076923
vt 0.34 0.37307692
vt 0.33333333 0.37307692
vn 0 0 -1
usemtl texture
f 719/1128/282 720/1127/282 718/1126/282 717/1125/282
vt 0.35333333 0.41923077
vt 0.34 0.41923077
vt 0.34 0.42307692
vt 0.35333333 0.42307692
vn 0.25881905 0.96592583 0
usemtl texture
f 718/1132/283 713/1131/283 714/1130/283 717/1129/283
vt 0.35333333 0.41923077
vt 0.34 0.41923077
vt 0.34 0.41538462
vt 0.35333333 0.41538462
vn -0.25881905 -0.96592583 0
usemtl texture
f 719/1136/284 716/1135/284 715/1134/284 720/1133/284

o cube
v 0.83125 0.864375 0.5625
v 0.89375 0.864375 0.5625
v 0.83125 0.739375 0.5625
v 0.89375 0.739375 0.5625
v 0.89375 0.864375 0.53125
v 0.83125 0.864375 0.53125
v 0.89375 0.739375 0.53125
v 0.83125 0.739375 0.53125
vt 0.28666667 0.39230769
vt 0.3 0.39230769
vt 0.3 0.38461538
vt 0.28666667 0.38461538
vn 1 0 0
usemtl texture
f 724/1140/285 727/1139/285 725/1138/285 722/1137/285
vt 0.3 0.37692308
vt 0.30666667 0.37692308
vt 0.30666667 0.36923077
vt 0.3 0.36923077
vn 0 0 1
usemtl texture
f 723/1144/286 724/1143/286 722/1142/286 721/1141/286
vt 0.27333333 0.37692308
vt 0.28666667 0.37692308
vt 0.28666667 0.36923077
vt 0.27333333 0.36923077
vn -1 0 0
usemtl texture
f 728/1148/287 723/1147/287 721/1146/287 726/1145/287
vt 0.33333333 0.38076923
vt 0.34 0.38076923
vt 0.34 0.37307692
vt 0.33333333 0.37307692
vn 0 0 -1
usemtl texture
f 727/1152/288 728/1151/288 726/1150/288 725/1149/288
vt 0.35333333 0.41923077
vt 0.34 0.41923077
vt 0.34 0.42307692
vt 0.35333333 0.42307692
vn 0 1 0
usemtl texture
f 726/1156/289 721/1155/289 722/1154/289 725/1153/289
vt 0.35333333 0.41923077
vt 0.34 0.41923077
vt 0.34 0.41538462
vt 0.35333333 0.41538462
vn 0 -1 0
usemtl texture
f 727/1160/290 724/1159/290 723/1158/290 728/1157/290

o cube
v 0.89408468 0.86482988 0.46875
v 0.95445505 0.84865369 0.46875
v 0.8617323 0.74408915 0.46875
v 0.92210267 0.72791296 0.46875
v 0.95445505 0.84865369 0.4375
v 0.89408468 0.86482988 0.4375
v 0.92210267 0.72791296 0.4375
v 0.8617323 0.74408915 0.4375
vt 0.28666667 0.39230769
vt 0.3 0.39230769
vt 0.3 0.38461538
vt 0.28666667 0.38461538
vn 0.96592583 -0.25881905 0
usemtl texture
f 732/1164/291 735/1163/291 733/1162/291 730/1161/291
vt 0.3 0.37692308
vt 0.30666667 0.37692308
vt 0.30666667 0.36923077
vt 0.3 0.36923077
vn 0 0 1
usemtl texture
f 731/1168/292 732/1167/292 730/1166/292 729/1165/292
vt 0.27333333 0.37692308
vt 0.28666667 0.37692308
vt 0.28666667 0.36923077
vt 0.27333333 0.36923077
vn -0.96592583 0.25881905 0
usemtl texture
f 736/1172/293 731/1171/293 729/1170/293 734/1169/293
vt 0.33333333 0.38076923
vt 0.34 0.38076923
vt 0.34 0.37307692
vt 0.33333333 0.37307692
vn 0 0 -1
usemtl texture
f 735/1176/294 736/1175/294 734/1174/294 733/1173/294
vt 0.35333333 0.41923077
vt 0.34 0.41923077
vt 0.34 0.42307692
vt 0.35333333 0.42307692
vn 0.25881905 0.96592583 0
usemtl texture
f 734/1180/295 729/1179/295 730/1178/295 733/1177/295
vt 0.35333333 0.41923077
vt 0.34 0.41923077
vt 0.34 0.41538462
vt 0.35333333 0.41538462
vn -0.25881905 -0.96592583 0
usemtl texture
f 735/1184/296 732/1183/296 731/1182/296 736/1181/296

o cube
v 0.83125 0.864375 0.46875
v 0.89375 0.864375 0.46875
v 0.83125 0.739375 0.46875
v 0.89375 0.739375 0.46875
v 0.89375 0.864375 0.4375
v 0.83125 0.864375 0.4375
v 0.89375 0.739375 0.4375
v 0.83125 0.739375 0.4375
vt 0.28666667 0.39230769
vt 0.3 0.39230769
vt 0.3 0.38461538
vt 0.28666667 0.38461538
vn 1 0 0
usemtl texture
f 740/1188/297 743/1187/297 741/1186/297 738/1185/297
vt 0.3 0.37692308
vt 0.30666667 0.37692308
vt 0.30666667 0.36923077
vt 0.3 0.36923077
vn 0 0 1
usemtl texture
f 739/1192/298 740/1191/298 738/1190/298 737/1189/298
vt 0.27333333 0.37692308
vt 0.28666667 0.37692308
vt 0.28666667 0.36923077
vt 0.27333333 0.36923077
vn -1 0 0
usemtl texture
f 744/1196/299 739/1195/299 737/1194/299 742/1193/299
vt 0.33333333 0.38076923
vt 0.34 0.38076923
vt 0.34 0.37307692
vt 0.33333333 0.37307692
vn 0 0 -1
usemtl texture
f 743/1200/300 744/1199/300 742/1198/300 741/1197/300
vt 0.35333333 0.41923077
vt 0.34 0.41923077
vt 0.34 0.42307692
vt 0.35333333 0.42307692
vn 0 1 0
usemtl texture
f 742/1204/301 737/1203/301 738/1202/301 741/1201/301
vt 0.35333333 0.41923077
vt 0.34 0.41923077
vt 0.34 0.41538462
vt 0.35333333 0.41538462
vn 0 -1 0
usemtl texture
f 743/1208/302 740/1207/302 739/1206/302 744/1205/302

o cube
v 0.95428171 0.84796712 0.46875
v 1.00699368 0.8143859 0.46875
v 0.88711926 0.74254319 0.46875
v 0.93983123 0.70896197 0.46875
v 1.00699368 0.8143859 0.4375
v 0.95428171 0.84796712 0.4375
v 0.93983123 0.70896197 0.4375
v 0.88711926 0.74254319 0.4375
vt 0.28666667 0.39230769
vt 0.3 0.39230769
vt 0.3 0.38461538
vt 0.28666667 0.38461538
vn 0.84339145 -0.53729961 0
usemtl texture
f 748/1212/303 751/1211/303 749/1210/303 746/1209/303
vt 0.3 0.37692308
vt 0.30666667 0.37692308
vt 0.30666667 0.36923077
vt 0.3 0.36923077
vn 0 0 1
usemtl texture
f 747/1216/304 748/1215/304 746/1214/304 745/1213/304
vt 0.27333333 0.37692308
vt 0.28666667 0.37692308
vt 0.28666667 0.36923077
vt 0.27333333 0.36923077
vn -0.84339145 0.53729961 0
usemtl texture
f 752/1220/305 747/1219/305 745/1218/305 750/1217/305
vt 0.33333333 0.38076923
vt 0.34 0.38076923
vt 0.34 0.37307692
vt 0.33333333 0.37307692
vn 0 0 -1
usemtl texture
f 751/1224/306 752/1223/306 750/1222/306 749/1221/306
vt 0.35333333 0.41923077
vt 0.34 0.41923077
vt 0.34 0.42307692
vt 0.35333333 0.42307692
vn 0.53729961 0.84339145 0
usemtl texture
f 750/1228/307 745/1227/307 746/1226/307 749/1225/307
vt 0.35333333 0.41923077
vt 0.34 0.41923077
vt 0.34 0.41538462
vt 0.35333333 0.41538462
vn -0.53729961 -0.84339145 0
usemtl texture
f 751/1232/308 748/1231/308 747/1230/308 752/1229/308

o cube
v 1.0405749 0.86709786 0.53125
v 1.09328687 0.83351664 0.53125
v 0.90625 0.65625 0.53125
v 0.95896197 0.62266877 0.53125
v 1.09328687 0.83351664 0.46875
v 1.0405749 0.86709786 0.46875
v 0.95896197 0.62266877 0.46875
v 0.90625 0.65625 0.46875
vt 0.26 0.35769231
vt 0.27333333 0.35769231
vt 0.27333333 0.35
vt 0.26 0.35
vn 0.84339145 -0.53729961 0
usemtl texture
f 756/1236/309 759/1235/309 757/1234/309 754/1233/309
vt 0.28666667 0.36538462
vt 0.29333333 0.36538462
vt 0.29333333 0.35769231
vt 0.28666667 0.35769231
vn 0 0 1
usemtl texture
f 755/1240/310 756/1239/310 754/1238/310 753/1237/310
vt 0.27333333 0.36538462
vt 0.28666667 0.36538462
vt 0.28666667 0.35769231
vt 0.27333333 0.35769231
vn -0.84339145 0.53729961 0
usemtl texture
f 760/1244/311 755/1243/311 753/1242/311 758/1241/311
vt 0.29333333 0.36538462
vt 0.3 0.36538462
vt 0.3 0.35769231
vt 0.29333333 0.35769231
vn 0 0 -1
usemtl texture
f 759/1248/312 760/1247/312 758/1246/312 757/1245/312
vt 0.36666667 0.41923077
vt 0.35333333 0.41923077
vt 0.35333333 0.42307692
vt 0.36666667 0.42307692
vn 0.53729961 0.84339145 0
usemtl texture
f 758/1252/313 753/1251/313 754/1250/313 757/1249/313
vt 0.36666667 0.41923077
vt 0.35333333 0.41923077
vt 0.35333333 0.41538462
vt 0.36666667 0.41538462
vn -0.53729961 -0.84339145 0
usemtl texture
f 759/1256/314 756/1255/314 755/1254/314 760/1253/314

o cube
v 1.05948463 0.87347344 0.5125
v 1.08448367 0.87325528 0.5125
v 1.05926646 0.84847439 0.5125
v 1.08426551 0.84825623 0.5125
v 1.08448367 0.87325528 0.4875
v 1.05948463 0.87347344 0.4875
v 1.08426551 0.84825623 0.4875
v 1.05926646 0.84847439 0.4875
vt 0.26 0.33846154
vt 0.27333333 0.33846154
vt 0.27333333 0.33076923
vt 0.26 0.33076923
vn 0.99996192 -0.00872654 0
usemtl texture
f 764/1260/315 767/1259/315 765/1258/315 762/1257/315
vt 0.28666667 0.34615385
vt 0.29333333 0.34615385
vt 0.29333333 0.33846154
vt 0.28666667 0.33846154
vn 0 0 1
usemtl texture
f 763/1264/316 764/1263/316 762/1262/316 761/1261/316
vt 0.27333333 0.34615385
vt 0.28666667 0.34615385
vt 0.28666667 0.33846154
vt 0.27333333 0.33846154
vn -0.99996192 0.00872654 0
usemtl texture
f 768/1268/317 763/1267/317 761/1266/317 766/1265/317
vt 0.29333333 0.34615385
vt 0.3 0.34615385
vt 0.3 0.33846154
vt 0.29333333 0.33846154
vn 0 0 -1
usemtl texture
f 767/1272/318 768/1271/318 766/1270/318 765/1269/318
vt 0.38666667 0.41923077
vt 0.37333333 0.41923077
vt 0.37333333 0.42307692
vt 0.38666667 0.42307692
vn 0.00872654 0.99996192 0
usemtl texture
f 766/1276/319 761/1275/319 762/1274/319 765/1273/319
vt 0.38666667 0.41923077
vt 0.37333333 0.41923077
vt 0.37333333 0.41538462
vt 0.38666667 0.41538462
vn -0.00872654 -0.99996192 0
usemtl texture
f 767/1280/320 764/1279/320 763/1278/320 768/1277/320

o cube
v 0.83125 0.90625 0.50375
v 0.83125 0.9125 0.50375
v 1.06875 0.90625 0.50375
v 1.06875 0.9125 0.50375
v 0.83125 0.9125 0.4975
v 0.83125 0.90625 0.4975
v 1.06875 0.9125 0.4975
v 1.06875 0.90625 0.4975
vt 0.26 0.36538462
vt 0.27333333 0.36538462
vt 0.27333333 0.35769231
vt 0.26 0.35769231
vn 0 1 0
usemtl texture
f 772/1284/321 775/1283/321 773/1282/321 770/1281/321
vt 0.28666667 0.36538462
vt 0.29333333 0.36538462
vt 0.29333333 0.35769231
vt 0.28666667 0.35769231
vn 0 0 1
usemtl texture
f 771/1288/322 772/1287/322 770/1286/322 769/1285/322
vt 0.27333333 0.36538462
vt 0.28666667 0.36538462
vt 0.28666667 0.35769231
vt 0.27333333 0.35769231
vn 0 -1 0
usemtl texture
f 776/1292/323 771/1291/323 769/1290/323 774/1289/323
vt 0.29333333 0.36538462
vt 0.3 0.36538462
vt 0.3 0.35769231
vt 0.29333333 0.35769231
vn 0 0 -1
usemtl texture
f 775/1296/324 776/1295/324 774/1294/324 773/1293/324
vt 0.36666667 0.41923077
vt 0.35333333 0.41923077
vt 0.35333333 0.42307692
vt 0.36666667 0.42307692
vn -1 0 0
usemtl texture
f 774/1300/325 769/1299/325 770/1298/325 773/1297/325
vt 0.36666667 0.41923077
vt 0.35333333 0.41923077
vt 0.35333333 0.41538462
vt 0.36666667 0.41538462
vn 1 0 0
usemtl texture
f 775/1304/326 772/1303/326 771/1302/326 776/1301/326

o cube
v 1.06875 0.910625 0.50375
v 1.075 0.910625 0.50375
v 1.06875 0.873125 0.50375
v 1.075 0.873125 0.50375
v 1.075 0.910625 0.4975
v 1.06875 0.910625 0.4975
v 1.075 0.873125 0.4975
v 1.06875 0.873125 0.4975
vt 0.26 0.36538462
vt 0.27333333 0.36538462
vt 0.27333333 0.35769231
vt 0.26 0.35769231
vn 1 0 0
usemtl texture
f 780/1308/327 783/1307/327 781/1306/327 778/1305/327
vt 0.28666667 0.36538462
vt 0.29333333 0.36538462
vt 0.29333333 0.35769231
vt 0.28666667 0.35769231
vn 0 0 1
usemtl texture
f 779/1312/328 780/1311/328 778/1310/328 777/1309/328
vt 0.27333333 0.36538462
vt 0.28666667 0.36538462
vt 0.28666667 0.35769231
vt 0.27333333 0.35769231
vn -1 0 0
usemtl texture
f 784/1316/329 779/1315/329 777/1314/329 782/1313/329
vt 0.29333333 0.36538462
vt 0.3 0.36538462
vt 0.3 0.35769231
vt 0.29333333 0.35769231
vn 0 0 -1
usemtl texture
f 783/1320/330 784/1319/330 782/1318/330 781/1317/330
vt 0.36666667 0.41923077
vt 0.35333333 0.41923077
vt 0.35333333 0.42307692
vt 0.36666667 0.42307692
vn 0 1 0
usemtl texture
f 782/1324/331 777/1323/331 778/1322/331 781/1321/331
vt 0.36666667 0.41923077
vt 0.35333333 0.41923077
vt 0.35333333 0.41538462
vt 0.36666667 0.41538462
vn 0 -1 0
usemtl texture
f 783/1328/332 780/1327/332 779/1326/332 784/1325/332

o cube
v 0.17130973 0.864375 0.53205538
v 0.10881925 0.864375 0.53096461
v 0.17130973 0.739375 0.53205538
v 0.10881925 0.739375 0.53096461
v 0.10827386 0.864375 0.56220985
v 0.17076434 0.864375 0.56330062
v 0.10827386 0.739375 0.56220985
v 0.17076434 0.739375 0.56330062
vt 0.28666667 0.39230769
vt 0.3 0.39230769
vt 0.3 0.38461538
vt 0.28666667 0.38461538
vn -0.9998477 0 -0.01745241
usemtl texture
f 788/1332/333 791/1331/333 789/1330/333 786/1329/333
vt 0.3 0.37692308
vt 0.30666667 0.37692308
vt 0.30666667 0.36923077
vt 0.3 0.36923077
vn 0.01745241 0 -0.9998477
usemtl texture
f 787/1336/334 788/1335/334 786/1334/334 785/1333/334
vt 0.27333333 0.37692308
vt 0.28666667 0.37692308
vt 0.28666667 0.36923077
vt 0.27333333 0.36923077
vn 0.9998477 0 0.01745241
usemtl texture
f 792/1340/335 787/1339/335 785/1338/335 790/1337/335
vt 0.33333333 0.38076923
vt 0.34 0.38076923
vt 0.34 0.37307692
vt 0.33333333 0.37307692
vn -0.01745241 0 0.9998477
usemtl texture
f 791/1344/336 792/1343/336 790/1342/336 789/1341/336
vt 0.35333333 0.41923077
vt 0.34 0.41923077
vt 0.34 0.42307692
vt 0.35333333 0.42307692
vn 0 1 0
usemtl texture
f 790/1348/337 785/1347/337 786/1346/337 789/1345/337
vt 0.35333333 0.41923077
vt 0.34 0.41923077
vt 0.34 0.41538462
vt 0.35333333 0.41538462
vn 0 -1 0
usemtl texture
f 791/1352/338 788/1351/338 787/1350/338 792/1349/338

o cube
v 0.10848467 0.86483024 0.53095877
v 0.0481235 0.84865405 0.52990516
v 0.14083212 0.74408951 0.53152339
v 0.08047095 0.72791332 0.53046978
v 0.04757811 0.84865405 0.5611504
v 0.10793928 0.86483024 0.56220401
v 0.07992557 0.72791332 0.56171502
v 0.14028674 0.74408951 0.56276863
vt 0.28666667 0.39230769
vt 0.3 0.39230769
vt 0.3 0.38461538
vt 0.28666667 0.38461538
vn -0.96577871 -0.25881905 -0.01685773
usemtl texture
f 796/1356/339 799/1355/339 797/1354/339 794/1353/339
vt 0.3 0.37692308
vt 0.30666667 0.37692308
vt 0.30666667 0.36923077
vt 0.3 0.36923077
vn 0.01745241 0 -0.9998477
usemtl texture
f 795/1360/340 796/1359/340 794/1358/340 793/1357/340
vt 0.27333333 0.37692308
vt 0.28666667 0.37692308
vt 0.28666667 0.36923077
vt 0.27333333 0.36923077
vn 0.96577871 0.25881905 0.01685773
usemtl texture
f 800/1364/341 795/1363/341 793/1362/341 798/1361/341
vt 0.33333333 0.38076923
vt 0.34 0.38076923
vt 0.34 0.37307692
vt 0.33333333 0.37307692
vn -0.01745241 0 0.9998477
usemtl texture
f 799/1368/342 800/1367/342 798/1366/342 797/1365/342
vt 0.35333333 0.41923077
vt 0.34 0.41923077
vt 0.34 0.42307692
vt 0.35333333 0.42307692
vn -0.25877963 0.96592583 -0.00451702
usemtl texture
f 798/1372/343 793/1371/343 794/1370/343 797/1369/343
vt 0.35333333 0.41923077
vt 0.34 0.41923077
vt 0.34 0.41538462
vt 0.35333333 0.41538462
vn 0.25877963 -0.96592583 0.00451702
usemtl texture
f 799/1376/344 796/1375/344 795/1374/344 800/1373/344

o cube
v 0.04829685 0.84796717 0.52990818
v -0.00440709 0.81438595 0.52898823
v 0.11544907 0.74254324 0.53108033
v 0.06274513 0.70896201 0.53016038
v -0.00495248 0.81438595 0.56023347
v 0.04775146 0.84796717 0.56115342
v 0.06219974 0.70896201 0.56140562
v 0.11490368 0.74254324 0.56232557
vt 0.26 0.38461538
vt 0.27333333 0.38461538
vt 0.27333333 0.37692308
vt 0.26 0.37692308
vn -0.84326299 -0.53729961 -0.01471921
usemtl texture
f 804/1380/345 807/1379/345 805/1378/345 802/1377/345
vt 0.3 0.37692308
vt 0.30666667 0.37692308
vt 0.30666667 0.36923077
vt 0.3 0.36923077
vn 0.01745241 0 -0.9998477
usemtl texture
f 803/1384/346 804/1383/346 802/1382/346 801/1381/346
vt 0.27333333 0.37692308
vt 0.28666667 0.37692308
vt 0.28666667 0.36923077
vt 0.27333333 0.36923077
vn 0.84326299 0.53729961 0.01471921
usemtl texture
f 808/1388/347 803/1387/347 801/1386/347 806/1385/347
vt 0.33333333 0.38076923
vt 0.34 0.38076923
vt 0.34 0.37307692
vt 0.33333333 0.37307692
vn -0.01745241 0 0.9998477
usemtl texture
f 807/1392/348 808/1391/348 806/1390/348 805/1389/348
vt 0.35333333 0.41923077
vt 0.34 0.41923077
vt 0.34 0.42307692
vt 0.35333333 0.42307692
vn -0.53721778 0.84339145 -0.00937717
usemtl texture
f 806/1396/349 801/1395/349 802/1394/349 805/1393/349
vt 0.35333333 0.41923077
vt 0.34 0.41923077
vt 0.34 0.41538462
vt 0.35333333 0.41538462
vn 0.53721778 -0.84339145 0.00937717
usemtl texture
f 807/1400/350 804/1399/350 803/1398/350 808/1397/350

o cube
v 0.04938762 0.84796717 0.4674177
v -0.00331631 0.81438595 0.46649775
v 0.11653984 0.74254324 0.46858985
v 0.06383591 0.70896201 0.4676699
v -0.00440709 0.81438595 0.52898823
v 0.04829685 0.84796717 0.52990818
v 0.06274513 0.70896201 0.53016038
v 0.11544907 0.74254324 0.53108033
vt 0.26 0.35769231
vt 0.27333333 0.35769231
vt 0.27333333 0.35
vt 0.26 0.35
vn -0.84326299 -0.53729961 -0.01471921
usemtl texture
f 812/1404/351 815/1403/351 813/1402/351 810/1401/351
vt 0.28666667 0.36538462
vt 0.29333333 0.36538462
vt 0.29333333 0.35769231
vt 0.28666667 0.35769231
vn 0.01745241 0 -0.9998477
usemtl texture
f 811/1408/352 812/1407/352 810/1406/352 809/1405/352
vt 0.27333333 0.36538462
vt 0.28666667 0.36538462
vt 0.28666667 0.35769231
vt 0.27333333 0.35769231
vn 0.84326299 0.53729961 0.01471921
usemtl texture
f 816/1412/353 811/1411/353 809/1410/353 814/1409/353
vt 0.29333333 0.36538462
vt 0.3 0.36538462
vt 0.3 0.35769231
vt 0.29333333 0.35769231
vn -0.01745241 0 0.9998477
usemtl texture
f 815/1416/354 816/1415/354 814/1414/354 813/1413/354
vt 0.36666667 0.41923077
vt 0.35333333 0.41923077
vt 0.35333333 0.42307692
vt 0.36666667 0.42307692
vn -0.53721778 0.84339145 -0.00937717
usemtl texture
f 814/1420/355 809/1419/355 810/1418/355 813/1417/355
vt 0.36666667 0.41923077
vt 0.35333333 0.41923077
vt 0.35333333 0.41538462
vt 0.36666667 0.41538462
vn 0.53721778 -0.84339145 0.00937717
usemtl texture
f 815/1424/356 812/1423/356 811/1422/356 816/1421/356

o cube
v -0.03689243 0.86709791 0.46591168
v -0.08959636 0.83351669 0.46499173
v 0.09741202 0.65625005 0.46825597
v 0.04470808 0.62266882 0.46733602
v -0.09068714 0.83351669 0.52748221
v -0.0379832 0.86709791 0.52840216
v 0.04361731 0.62266882 0.5298265
v 0.09632124 0.65625005 0.53074645
vt 0.26 0.35769231
vt 0.27333333 0.35769231
vt 0.27333333 0.35
vt 0.26 0.35
vn -0.84326299 -0.53729961 -0.01471921
usemtl texture
f 820/1428/357 823/1427/357 821/1426/357 818/1425/357
vt 0.28666667 0.36538462
vt 0.29333333 0.36538462
vt 0.29333333 0.35769231
vt 0.28666667 0.35769231
vn 0.01745241 0 -0.9998477
usemtl texture
f 819/1432/358 820/1431/358 818/1430/358 817/1429/358
vt 0.27333333 0.36538462
vt 0.28666667 0.36538462
vt 0.28666667 0.35769231
vt 0.27333333 0.35769231
vn 0.84326299 0.53729961 0.01471921
usemtl texture
f 824/1436/359 819/1435/359 817/1434/359 822/1433/359
vt 0.29333333 0.36538462
vt 0.3 0.36538462
vt 0.3 0.35769231
vt 0.29333333 0.35769231
vn -0.01745241 0 0.9998477
usemtl texture
f 823/1440/360 824/1439/360 822/1438/360 821/1437/360
vt 0.36666667 0.41923077
vt 0.35333333 0.41923077
vt 0.35333333 0.42307692
vt 0.36666667 0.42307692
vn -0.53721778 0.84339145 -0.00937717
usemtl texture
f 822/1444/361 817/1443/361 818/1442/361 821/1441/361
vt 0.36666667 0.41923077
vt 0.35333333 0.41923077
vt 0.35333333 0.41538462
vt 0.36666667 0.41538462
vn 0.53721778 -0.84339145 0.00937717
usemtl texture
f 823/1448/362 820/1447/362 819/1446/362 824/1445/362

o cube
v -0.05614022 0.87503596 0.48432856
v -0.08113546 0.8748178 0.48389227
v -0.05592209 0.85003692 0.48433237
v -0.08091733 0.84981875 0.48389608
v -0.08157177 0.8748178 0.50888846
v -0.05657653 0.87503596 0.50932476
v -0.08135364 0.84981875 0.50889227
v -0.0563584 0.85003692 0.50932856
vt 0.26 0.33846154
vt 0.27333333 0.33846154
vt 0.27333333 0.33076923
vt 0.26 0.33076923
vn -0.99980962 -0.00872654 -0.01745174
usemtl texture
f 828/1452/363 831/1451/363 829/1450/363 826/1449/363
vt 0.28666667 0.34615385
vt 0.29333333 0.34615385
vt 0.29333333 0.33846154
vt 0.28666667 0.33846154
vn 0.01745241 0 -0.9998477
usemtl texture
f 827/1456/364 828/1455/364 826/1454/364 825/1453/364
vt 0.27333333 0.34615385
vt 0.28666667 0.34615385
vt 0.28666667 0.33846154
vt 0.27333333 0.33846154
vn 0.99980962 0.00872654 0.01745174
usemtl texture
f 832/1460/365 827/1459/365 825/1458/365 830/1457/365
vt 0.29333333 0.34615385
vt 0.3 0.34615385
vt 0.3 0.33846154
vt 0.29333333 0.33846154
vn -0.01745241 0 0.9998477
usemtl texture
f 831/1464/366 832/1463/366 830/1462/366 829/1461/366
vt 0.38666667 0.41923077
vt 0.37333333 0.41923077
vt 0.37333333 0.42307692
vt 0.38666667 0.42307692
vn -0.00872521 0.99996192 -0.0001523
usemtl texture
f 830/1468/367 825/1467/367 826/1466/367 829/1465/367
vt 0.38666667 0.41923077
vt 0.37333333 0.41923077
vt 0.37333333 0.41538462
vt 0.38666667 0.41538462
vn 0.00872521 -0.99996192 0.0001523
usemtl texture
f 831/1472/368 828/1471/368 827/1470/368 832/1469/368

o cube
v -0.06552772 0.9128125 0.4935407
v -0.07177677 0.9128125 0.49343163
v -0.06552772 0.8753125 0.4935407
v -0.07177677 0.8753125 0.49343163
v -0.07188585 0.9128125 0.49968067
v -0.0656368 0.9128125 0.49978975
v -0.07188585 0.8753125 0.49968067
v -0.0656368 0.8753125 0.49978975
vt 0.26 0.36538462
vt 0.27333333 0.36538462
vt 0.27333333 0.35769231
vt 0.26 0.35769231
vn -0.9998477 0 -0.01745241
usemtl texture
f 836/1476/369 839/1475/369 837/1474/369 834/1473/369
vt 0.28666667 0.36538462
vt 0.29333333 0.36538462
vt 0.29333333 0.35769231
vt 0.28666667 0.35769231
vn 0.01745241 0 -0.9998477
usemtl texture
f 835/1480/370 836/1479/370 834/1478/370 833/1477/370
vt 0.27333333 0.36538462
vt 0.28666667 0.36538462
vt 0.28666667 0.35769231
vt 0.27333333 0.35769231
vn 0.9998477 0 0.01745241
usemtl texture
f 840/1484/371 835/1483/371 833/1482/371 838/1481/371
vt 0.29333333 0.36538462
vt 0.3 0.36538462
vt 0.3 0.35769231
vt 0.29333333 0.35769231
vn -0.01745241 0 0.9998477
usemtl texture
f 839/1488/372 840/1487/372 838/1486/372 837/1485/372
vt 0.36666667 0.41923077
vt 0.35333333 0.41923077
vt 0.35333333 0.42307692
vt 0.36666667 0.42307692
vn 0 1 0
usemtl texture
f 838/1492/373 833/1491/373 834/1490/373 837/1489/373
vt 0.36666667 0.41923077
vt 0.35333333 0.41923077
vt 0.35333333 0.41538462
vt 0.36666667 0.41538462
vn 0 -1 0
usemtl texture
f 839/1496/374 836/1495/374 835/1494/374 840/1493/374

o cube
v 0.1719361 0.90625 0.49768565
v 0.1719361 0.9125 0.49768565
v -0.06552772 0.90625 0.4935407
v -0.06552772 0.9125 0.4935407
v 0.17182703 0.9125 0.5039347
v 0.17182703 0.90625 0.5039347
v -0.0656368 0.9125 0.49978975
v -0.0656368 0.90625 0.49978975
vt 0.26 0.36538462
vt 0.27333333 0.36538462
vt 0.27333333 0.35769231
vt 0.26 0.35769231
vn 0 1 0
usemtl texture
f 844/1500/375 847/1499/375 845/1498/375 842/1497/375
vt 0.28666667 0.36538462
vt 0.29333333 0.36538462
vt 0.29333333 0.35769231
vt 0.28666667 0.35769231
vn 0.01745241 0 -0.9998477
usemtl texture
f 843/1504/376 844/1503/376 842/1502/376 841/1501/376
vt 0.27333333 0.36538462
vt 0.28666667 0.36538462
vt 0.28666667 0.35769231
vt 0.27333333 0.35769231
vn 0 -1 0
usemtl texture
f 848/1508/377 843/1507/377 841/1506/377 846/1505/377
vt 0.29333333 0.36538462
vt 0.3 0.36538462
vt 0.3 0.35769231
vt 0.29333333 0.35769231
vn -0.01745241 0 0.9998477
usemtl texture
f 847/1512/378 848/1511/378 846/1510/378 845/1509/378
vt 0.36666667 0.41923077
vt 0.35333333 0.41923077
vt 0.35333333 0.42307692
vt 0.36666667 0.42307692
vn 0.9998477 0 0.01745241
usemtl texture
f 846/1516/379 841/1515/379 842/1514/379 845/1513/379
vt 0.36666667 0.41923077
vt 0.35333333 0.41923077
vt 0.35333333 0.41538462
vt 0.36666667 0.41538462
vn -0.9998477 0 -0.01745241
usemtl texture
f 847/1520/380 844/1519/380 843/1518/380 848/1517/380

o cube
v 0.17294589 0.864375 0.43831966
v 0.11045541 0.864375 0.43722888
v 0.17294589 0.739375 0.43831966
v 0.11045541 0.739375 0.43722888
v 0.10991002 0.864375 0.46847412
v 0.17240051 0.864375 0.4695649
v 0.10991002 0.739375 0.46847412
v 0.17240051 0.739375 0.4695649
vt 0.28666667 0.39230769
vt 0.3 0.39230769
vt 0.3 0.38461538
vt 0.28666667 0.38461538
vn -0.9998477 0 -0.01745241
usemtl texture
f 852/1524/381 855/1523/381 853/1522/381 850/1521/381
vt 0.3 0.37692308
vt 0.30666667 0.37692308
vt 0.30666667 0.36923077
vt 0.3 0.36923077
vn 0.01745241 0 -0.9998477
usemtl texture
f 851/1528/382 852/1527/382 850/1526/382 849/1525/382
vt 0.27333333 0.37692308
vt 0.28666667 0.37692308
vt 0.28666667 0.36923077
vt 0.27333333 0.36923077
vn 0.9998477 0 0.01745241
usemtl texture
f 856/1532/383 851/1531/383 849/1530/383 854/1529/383
vt 0.33333333 0.38076923
vt 0.34 0.38076923
vt 0.34 0.37307692
vt 0.33333333 0.37307692
vn -0.01745241 0 0.9998477
usemtl texture
f 855/1536/384 856/1535/384 854/1534/384 853/1533/384
vt 0.35333333 0.41923077
vt 0.34 0.41923077
vt 0.34 0.42307692
vt 0.35333333 0.42307692
vn 0 1 0
usemtl texture
f 854/1540/385 849/1539/385 850/1538/385 853/1537/385
vt 0.35333333 0.41923077
vt 0.34 0.41923077
vt 0.34 0.41538462
vt 0.35333333 0.41538462
vn 0 -1 0
usemtl texture
f 855/1544/386 852/1543/386 851/1542/386 856/1541/386

o cube
v 0.11012083 0.86483024 0.43722304
v 0.04975966 0.84865405 0.43616944
v 0.14246829 0.74408951 0.43778767
v 0.08210712 0.72791332 0.43673406
v 0.04921428 0.84865405 0.46741468
v 0.10957545 0.86483024 0.46846828
v 0.08156173 0.72791332 0.4679793
v 0.1419229 0.74408951 0.46903291
vt 0.28666667 0.39230769
vt 0.3 0.39230769
vt 0.3 0.38461538
vt 0.28666667 0.38461538
vn -0.96577871 -0.25881905 -0.01685773
usemtl texture
f 860/1548/387 863/1547/387 861/1546/387 858/1545/387
vt 0.3 0.37692308
vt 0.30666667 0.37692308
vt 0.30666667 0.36923077
vt 0.3 0.36923077
vn 0.01745241 0 -0.9998477
usemtl texture
f 859/1552/388 860/1551/388 858/1550/388 857/1549/388
vt 0.27333333 0.37692308
vt 0.28666667 0.37692308
vt 0.28666667 0.36923077
vt 0.27333333 0.36923077
vn 0.96577871 0.25881905 0.01685773
usemtl texture
f 864/1556/389 859/1555/389 857/1554/389 862/1553/389
vt 0.33333333 0.38076923
vt 0.34 0.38076923
vt 0.34 0.37307692
vt 0.33333333 0.37307692
vn -0.01745241 0 0.9998477
usemtl texture
f 863/1560/390 864/1559/390 862/1558/390 861/1557/390
vt 0.35333333 0.41923077
vt 0.34 0.41923077
vt 0.34 0.42307692
vt 0.35333333 0.42307692
vn -0.25877963 0.96592583 -0.00451702
usemtl texture
f 862/1564/391 857/1563/391 858/1562/391 861/1561/391
vt 0.35333333 0.41923077
vt 0.34 0.41923077
vt 0.34 0.41538462
vt 0.35333333 0.41538462
vn 0.25877963 -0.96592583 0.00451702
usemtl texture
f 863/1568/392 860/1567/392 859/1566/392 864/1565/392

o cube
v 0.04993301 0.84796717 0.43617246
v -0.00277093 0.81438595 0.43525251
v 0.11708523 0.74254324 0.43734461
v 0.0643813 0.70896201 0.43642466
v -0.00331631 0.81438595 0.46649775
v 0.04938762 0.84796717 0.4674177
v 0.06383591 0.70896201 0.4676699
v 0.11653984 0.74254324 0.46858985
vt 0.28666667 0.39230769
vt 0.3 0.39230769
vt 0.3 0.38461538
vt 0.28666667 0.38461538
vn -0.84326299 -0.53729961 -0.01471921
usemtl texture
f 868/1572/393 871/1571/393 869/1570/393 866/1569/393
vt 0.3 0.37692308
vt 0.30666667 0.37692308
vt 0.30666667 0.36923077
vt 0.3 0.36923077
vn 0.01745241 0 -0.9998477
usemtl texture
f 867/1576/394 868/1575/394 866/1574/394 865/1573/394
vt 0.27333333 0.37692308
vt 0.28666667 0.37692308
vt 0.28666667 0.36923077
vt 0.27333333 0.36923077
vn 0.84326299 0.53729961 0.01471921
usemtl texture
f 872/1580/395 867/1579/395 865/1578/395 870/1577/395
vt 0.33333333 0.38076923
vt 0.34 0.38076923
vt 0.34 0.37307692
vt 0.33333333 0.37307692
vn -0.01745241 0 0.9998477
usemtl texture
f 871/1584/396 872/1583/396 870/1582/396 869/1581/396
vt 0.35333333 0.41923077
vt 0.34 0.41923077
vt 0.34 0.42307692
vt 0.35333333 0.42307692
vn -0.53721778 0.84339145 -0.00937717
usemtl texture
f 870/1588/397 865/1587/397 866/1586/397 869/1585/397
vt 0.35333333 0.41923077
vt 0.34 0.41923077
vt 0.34 0.41538462
vt 0.35333333 0.41538462
vn 0.53721778 -0.84339145 0.00937717
usemtl texture
f 871/1592/398 868/1591/398 867/1590/398 872/1589/398

o cube
v 0.21875 0.86875 0.5625
v 0.78125 0.86875 0.5625
v 0.21875 0.74375 0.5625
v 0.78125 0.74375 0.5625
v 0.78125 0.86875 0.4375
v 0.21875 0.86875 0.4375
v 0.78125 0.74375 0.4375
v 0.21875 0.74375 0.4375
vt 0.25333333 0.42307692
vt 0.28 0.42307692
vt 0.28 0.40769231
vt 0.25333333 0.40769231
vn 1 0 0
usemtl texture
f 876/1596/399 879/1595/399 877/1594/399 874/1593/399
vt 0.25333333 0.39230769
vt 0.26 0.39230769
vt 0.26 0.37692308
vt 0.25333333 0.37692308
vn 0 0 1
usemtl texture
f 875/1600/400 876/1599/400 874/1598/400 873/1597/400
vt 0.25333333 0.40769231
vt 0.28 0.40769231
vt 0.28 0.39230769
vt 0.25333333 0.39230769
vn -1 0 0
usemtl texture
f 880/1604/401 875/1603/401 873/1602/401 878/1601/401
vt 0.30666667 0.42307692
vt 0.31333333 0.42307692
vt 0.31333333 0.40769231
vt 0.30666667 0.40769231
vn 0 0 -1
usemtl texture
f 879/1608/402 880/1607/402 878/1606/402 877/1605/402
vt 0.33333333 0.40384615
vt 0.30666667 0.40384615
vt 0.30666667 0.40769231
vt 0.33333333 0.40769231
vn 0 1 0
usemtl texture
f 878/1612/403 873/1611/403 874/1610/403 877/1609/403
vt 0.33333333 0.40384615
vt 0.30666667 0.40384615
vt 0.30666667 0.4
vt 0.33333333 0.4
vn 0 -1 0
usemtl texture
f 879/1616/404 876/1615/404 875/1614/404 880/1613/404

o cube
v 0.21875 1.05625 0.5625
v 0.78125 1.05625 0.5625
v 0.21875 1.04375 0.5625
v 0.78125 1.04375 0.5625
v 0.78125 1.05625 0.4375
v 0.21875 1.05625 0.4375
v 0.78125 1.04375 0.4375
v 0.21875 1.04375 0.4375
vt 0.25333333 0.42307692
vt 0.28 0.42307692
vt 0.28 0.40769231
vt 0.25333333 0.40769231
vn 1 0 0
usemtl texture
f 884/1620/405 887/1619/405 885/1618/405 882/1617/405
vt 0.25333333 0.39230769
vt 0.26 0.39230769
vt 0.26 0.37692308
vt 0.25333333 0.37692308
vn 0 0 1
usemtl texture
f 883/1624/406 884/1623/406 882/1622/406 881/1621/406
vt 0.25333333 0.40769231
vt 0.28 0.40769231
vt 0.28 0.39230769
vt 0.25333333 0.39230769
vn -1 0 0
usemtl texture
f 888/1628/407 883/1627/407 881/1626/407 886/1625/407
vt 0.30666667 0.42307692
vt 0.31333333 0.42307692
vt 0.31333333 0.40769231
vt 0.30666667 0.40769231
vn 0 0 -1
usemtl texture
f 887/1632/408 888/1631/408 886/1630/408 885/1629/408
vt 0.33333333 0.40384615
vt 0.30666667 0.40384615
vt 0.30666667 0.40769231
vt 0.33333333 0.40769231
vn 0 1 0
usemtl texture
f 886/1636/409 881/1635/409 882/1634/409 885/1633/409
vt 0.33333333 0.40384615
vt 0.30666667 0.40384615
vt 0.30666667 0.4
vt 0.33333333 0.4
vn 0 -1 0
usemtl texture
f 887/1640/410 884/1639/410 883/1638/410 888/1637/410

o cube
v 0.4375 1.05 0.4375
v 0.4375 0.86875 0.4375
v 0.5625 1.05 0.4375
v 0.5625 0.86875 0.4375
v 0.4375 0.86875 0.5625
v 0.4375 1.05 0.5625
v 0.5625 0.86875 0.5625
v 0.5625 1.05 0.5625
vt 0.25333333 0.42307692
vt 0.28 0.42307692
vt 0.28 0.40769231
vt 0.25333333 0.40769231
vn 0 -1 0
usemtl texture
f 892/1644/411 895/1643/411 893/1642/411 890/1641/411
vt 0.25333333 0.39230769
vt 0.26 0.39230769
vt 0.26 0.37692308
vt 0.25333333 0.37692308
vn 0 0 -1
usemtl texture
f 891/1648/412 892/1647/412 890/1646/412 889/1645/412
vt 0.25333333 0.40769231
vt 0.28 0.40769231
vt 0.28 0.39230769
vt 0.25333333 0.39230769
vn 0 1 0
usemtl texture
f 896/1652/413 891/1651/413 889/1650/413 894/1649/413
vt 0.30666667 0.42307692
vt 0.31333333 0.42307692
vt 0.31333333 0.40769231
vt 0.30666667 0.40769231
vn 0 0 1
usemtl texture
f 895/1656/414 896/1655/414 894/1654/414 893/1653/414
vt 0.33333333 0.40384615
vt 0.30666667 0.40384615
vt 0.30666667 0.40769231
vt 0.33333333 0.40769231
vn -1 0 0
usemtl texture
f 894/1660/415 889/1659/415 890/1658/415 893/1657/415
vt 0.33333333 0.40384615
vt 0.30666667 0.40384615
vt 0.30666667 0.4
vt 0.33333333 0.4
vn 1 0 0
usemtl texture
f 895/1664/416 892/1663/416 891/1662/416 896/1661/416

o cube
v 0.4375 0.74375 0.4375
v 0.4375 0.5 0.4375
v 0.5625 0.74375 0.4375
v 0.5625 0.5 0.4375
v 0.4375 0.5 0.5625
v 0.4375 0.74375 0.5625
v 0.5625 0.5 0.5625
v 0.5625 0.74375 0.5625
vt 0.25333333 0.42307692
vt 0.28 0.42307692
vt 0.28 0.40769231
vt 0.25333333 0.40769231
vn 0 -1 0
usemtl texture
f 900/1668/417 903/1667/417 901/1666/417 898/1665/417
vt 0.25333333 0.39230769
vt 0.26 0.39230769
vt 0.26 0.37692308
vt 0.25333333 0.37692308
vn 0 0 -1
usemtl texture
f 899/1672/418 900/1671/418 898/1670/418 897/1669/418
vt 0.25333333 0.40769231
vt 0.28 0.40769231
vt 0.28 0.39230769
vt 0.25333333 0.39230769
vn 0 1 0
usemtl texture
f 904/1676/419 899/1675/419 897/1674/419 902/1673/419
vt 0.30666667 0.42307692
vt 0.31333333 0.42307692
vt 0.31333333 0.40769231
vt 0.30666667 0.40769231
vn 0 0 1
usemtl texture
f 903/1680/420 904/1679/420 902/1678/420 901/1677/420
vt 0.33333333 0.40384615
vt 0.30666667 0.40384615
vt 0.30666667 0.40769231
vt 0.33333333 0.40769231
vn -1 0 0
usemtl texture
f 902/1684/421 897/1683/421 898/1682/421 901/1681/421
vt 0.33333333 0.40384615
vt 0.30666667 0.40384615
vt 0.30666667 0.4
vt 0.33333333 0.4
vn 1 0 0
usemtl texture
f 903/1688/422 900/1687/422 899/1686/422 904/1685/422

